Year,App.,Taxon,Class,Order,Family,Genus,Importer,Exporter,Origin,Importer reported quantity,Exporter reported quantity,Term,Unit,Purpose,Source
2014,I,Haliaeetus albicilla,Aves,Falconiformes,Accipitridae,Haliaeetus,IE,NO,,1,1,bodies,,E,W
2014,I,Branta sandvicensis,Aves,Anseriformes,Anatidae,Branta,SC,FR,NL,,2,live,,B,C
2014,I,Balaenoptera musculus,Mammalia,Cetacea,Balaenopteridae,Balaenoptera,FR,CA,,,1,baleen,,E,W
2014,I,Balaenoptera musculus,Mammalia,Cetacea,Balaenopteridae,Balaenoptera,FR,CA,,1,,teeth,,E,W
2014,I,Balaenoptera physalus,Mammalia,Cetacea,Balaenopteridae,Balaenoptera,FR,CA,,,1,baleen,,E,W
2014,I,Balaenoptera physalus,Mammalia,Cetacea,Balaenopteridae,Balaenoptera,FR,CA,,1,,teeth,,E,W
2014,I,Megaptera novaeangliae,Mammalia,Cetacea,Balaenopteridae,Megaptera,FR,AU,FR,1,,skin pieces,,E,W
2014,I,Cacatua goffiniana,Aves,Psittaciformes,Cacatuidae,Cacatua,LY,ZA,,,5,live,,B,C
2014,I,Cacatua goffiniana,Aves,Psittaciformes,Cacatuidae,Cacatua,OM,ZA,,,2,live,,B,C
2014,I,Cacatua haematuropygia,Aves,Psittaciformes,Cacatuidae,Cacatua,DE,PH,,,2,live,,B,C
2014,I,Cacatua moluccensis,Aves,Psittaciformes,Cacatuidae,Cacatua,BH,ZA,,,2,live,,B,C
2014,I,Cacatua moluccensis,Aves,Psittaciformes,Cacatuidae,Cacatua,BR,ZA,,,8,live,,B,C
2014,I,Cacatua moluccensis,Aves,Psittaciformes,Cacatuidae,Cacatua,KW,ZA,,,4,live,,B,C
2014,I,Cacatua moluccensis,Aves,Psittaciformes,Cacatuidae,Cacatua,LY,ZA,,,1,live,,B,C
2014,I,Cacatua moluccensis,Aves,Psittaciformes,Cacatuidae,Cacatua,MY,ZA,,,2,live,,B,C
2014,I,Cacatua moluccensis,Aves,Psittaciformes,Cacatuidae,Cacatua,OM,ZA,,,4,live,,B,C
2014,I,Cacatua moluccensis,Aves,Psittaciformes,Cacatuidae,Cacatua,QA,ZA,,1,2,live,,B,C
2014,I,Cacatua sulphurea,Aves,Psittaciformes,Cacatuidae,Cacatua,BR,ZA,,,24,live,,B,C
2014,I,Cacatua sulphurea,Aves,Psittaciformes,Cacatuidae,Cacatua,QA,ZA,,,2,live,,B,C
2014,I,Probosciger aterrimus,Aves,Psittaciformes,Cacatuidae,Probosciger,BR,ZA,,,6,live,,B,C
2014,I,Probosciger aterrimus,Aves,Psittaciformes,Cacatuidae,Probosciger,DE,PH,,,5,live,,B,C
2014,I,Probosciger aterrimus,Aves,Psittaciformes,Cacatuidae,Probosciger,GR,PH,,,3,live,,B,C
2014,I,Probosciger aterrimus,Aves,Psittaciformes,Cacatuidae,Probosciger,ID,PH,,,1,live,,B,C
2014,I,Probosciger aterrimus,Aves,Psittaciformes,Cacatuidae,Probosciger,KW,ZA,,,2,live,,B,C
2014,I,Probosciger aterrimus,Aves,Psittaciformes,Cacatuidae,Probosciger,PH,TH,PH,,28,live,,B,C
2014,I,Probosciger aterrimus,Aves,Psittaciformes,Cacatuidae,Probosciger,PH,TH,,80,,live,,B,C
2014,I,Probosciger aterrimus,Aves,Psittaciformes,Cacatuidae,Probosciger,TH,PH,,12,12,live,,B,C
2014,I,Vultur gryphus,Aves,Falconiformes,Cathartidae,Vultur,RU,FR,PL,,1,live,,B,F
2014,I,Callimico goeldii,Mammalia,Primates,Cebidae,Callimico,IL,DE,,,1,live,,B,C
2014,I,Callimico goeldii,Mammalia,Primates,Cebidae,Callimico,NO,DE,CH,1,1,live,,B,C
2014,I,Callimico goeldii,Mammalia,Primates,Cebidae,Callimico,NO,DE,,3,3,live,,B,C
2014,I,Leontopithecus chrysomelas,Mammalia,Primates,Cebidae,Leontopithecus,CN,DE,,4,,live,,B,C
2014,I,Leontopithecus chrysomelas,Mammalia,Primates,Cebidae,Leontopithecus,TH,SK,,2,,live,,B,C
2014,I,Leontopithecus rosalia,Mammalia,Primates,Cebidae,Leontopithecus,DE,GB,,1,,live,,B,C
2014,I,Saguinus oedipus,Mammalia,Primates,Cebidae,Saguinus,CN,CZ,,10,,live,,B,C
2014,I,Cercopithecus diana,Mammalia,Primates,Cercopithecidae,Cercopithecus,RU,DE,GB,,1,live,,B,C
2014,I,Mandrillus leucophaeus,Mammalia,Primates,Cercopithecidae,Mandrillus,CN,CZ,,12,,live,,B,C
2014,I,Mandrillus sphinx,Mammalia,Primates,Cercopithecidae,Mandrillus,CN,CZ,AT,1,,live,,B,C
2014,I,Mandrillus sphinx,Mammalia,Primates,Cercopithecidae,Mandrillus,CN,CZ,DE,5,,live,,B,C
2014,I,Mandrillus sphinx,Mammalia,Primates,Cercopithecidae,Mandrillus,CN,CZ,GB,1,,live,,B,C
2014,I,Mandrillus sphinx,Mammalia,Primates,Cercopithecidae,Mandrillus,CN,CZ,,1,,live,,B,C
2014,I,Oreophasis derbianus,Aves,Galliformes,Cracidae,Oreophasis,CN,BE,BE,1,,specimens,,E,C
2014,I,Crocodylus niloticus,Reptilia,Crocodylia,Crocodylidae,Crocodylus,BT,AE,XX,3,,leather products (small),,E,W
2014,I,Crocodylus niloticus,Reptilia,Crocodylia,Crocodylidae,Crocodylus,BT,AE,XX,1,,trophies,,E,
2014,I,Elephas maximus,Mammalia,Proboscidea,Elephantidae,Elephas,CA,US,,,100,specimens,ml,B,I
2014,I,Elephas maximus,Mammalia,Proboscidea,Elephantidae,Elephas,CA,US,,,200,specimens,,B,C
2014,I,Elephas maximus,Mammalia,Proboscidea,Elephantidae,Elephas,CH,DE,,,1,live,,B,F
2014,I,Elephas maximus,Mammalia,Proboscidea,Elephantidae,Elephas,CN,LA,,11,,live,,B,C
2014,I,Elephas maximus,Mammalia,Proboscidea,Elephantidae,Elephas,JP,LA,,4,,live,,B,C
2014,I,Loxodonta africana,Mammalia,Proboscidea,Elephantidae,Loxodonta,BH,AE,XX,,5,ivory pieces,,E,W
2014,I,Loxodonta africana,Mammalia,Proboscidea,Elephantidae,Loxodonta,BT,AE,XX,4,,ivory carvings,,E,I
2014,I,Loxodonta africana,Mammalia,Proboscidea,Elephantidae,Loxodonta,BT,AE,XX,,5,ivory pieces,,E,W
2014,I,Loxodonta africana,Mammalia,Proboscidea,Elephantidae,Loxodonta,BT,AE,XX,1,,trophies,,E,I
2014,I,Loxodonta africana,Mammalia,Proboscidea,Elephantidae,Loxodonta,BT,AE,XX,1,,tusks,,E,I
2014,I,Loxodonta africana,Mammalia,Proboscidea,Elephantidae,Loxodonta,ET,AE,XX,,4,ivory pieces,,E,W
2014,I,Loxodonta africana,Mammalia,Proboscidea,Elephantidae,Loxodonta,ET,AE,XX,,1,tusks,,E,W
2014,I,Loxodonta africana,Mammalia,Proboscidea,Elephantidae,Loxodonta,MR,AE,XX,,5,ivory pieces,,E,W
2014,I,Equus grevyi,Mammalia,Perissodactyla,Equidae,Equus,MX,US,,10,,live,,B,F
2014,I,Equus przewalskii,Mammalia,Perissodactyla,Equidae,Equus,DE,CH,,5,,live,,B,C
2014,I,Equus przewalskii,Mammalia,Perissodactyla,Equidae,Equus,MK,AT,,3,,live,,E,C
2014,I,Equus zebra zebra,Mammalia,Perissodactyla,Equidae,Equus,CN,ZA,,3,,specimens,,E,W
2014,I,Falco hybrid,Aves,Falconiformes,Falconidae,Falco,AE,FR,,,1,live,,B,C
2014,I,Falco hybrid,Aves,Falconiformes,Falconidae,Falco,AE,KG,,,2,live,,E,F
2014,I,Falco hybrid,Aves,Falconiformes,Falconidae,Falco,GB,AE,ES,,2,live,,B,C
2014,I,Falco hybrid,Aves,Falconiformes,Falconidae,Falco,GB,AE,GB,,1,live,,B,C
2014,I,Falco hybrid,Aves,Falconiformes,Falconidae,Falco,GB,AE,US,,1,live,,B,C
2014,I,Falco hybrid,Aves,Falconiformes,Falconidae,Falco,KG,AE,,7,,live,,E,F
2014,I,Falco hybrid,Aves,Falconiformes,Falconidae,Falco,MX,ES,,2,,live,,B,C
2014,I,Falco hybrid,Aves,Falconiformes,Falconidae,Falco,SA,ES,,,1,live,,B,C
2014,I,Falco hybrid,Aves,Falconiformes,Falconidae,Falco,TH,ES,,4,,live,,B,C
2014,I,Falco pelegrinoides,Aves,Falconiformes,Falconidae,Falco,CA,NL,,5,,live,,B,C
2014,I,Falco pelegrinoides,Aves,Falconiformes,Falconidae,Falco,MX,ES,,5,,live,,B,C
2014,I,Falco pelegrinoides babylonicus,Aves,Falconiformes,Falconidae,Falco,MX,ES,,2,,live,,B,C
2014,I,Falco peregrinus,Aves,Falconiformes,Falconidae,Falco,AE,CA,,13,,live,,B,C
2014,I,Falco peregrinus,Aves,Falconiformes,Falconidae,Falco,BR,AR,,29,,live,,B,C
2014,I,Falco peregrinus,Aves,Falconiformes,Falconidae,Falco,CA,AT,,2,,live,,B,C
2014,I,Falco peregrinus,Aves,Falconiformes,Falconidae,Falco,CA,US,,1,,live,,B,C
2014,I,Falco peregrinus,Aves,Falconiformes,Falconidae,Falco,GB,AE,,,2,live,,B,C
2014,I,Falco rusticolus,Aves,Falconiformes,Falconidae,Falco,AT,AE,DE,,1,live,,B,C
2014,I,Falco rusticolus,Aves,Falconiformes,Falconidae,Falco,AT,CA,CA,,1,live,,B,C
2014,I,Falco rusticolus,Aves,Falconiformes,Falconidae,Falco,AT,ZA,,,3,live,,B,C
2014,I,Falco rusticolus,Aves,Falconiformes,Falconidae,Falco,CA,AT,,1,,live,,B,C
2014,I,Falco rusticolus,Aves,Falconiformes,Falconidae,Falco,CA,US,,3,,live,,B,C
2014,I,Falco rusticolus,Aves,Falconiformes,Falconidae,Falco,GB,AE,CA,,1,live,,B,C
2014,I,Falco rusticolus,Aves,Falconiformes,Falconidae,Falco,GB,AE,DE,,3,live,,B,C
2014,I,Falco rusticolus,Aves,Falconiformes,Falconidae,Falco,GB,AE,DK,,2,live,,B,C
2014,I,Falco rusticolus,Aves,Falconiformes,Falconidae,Falco,GB,AE,DK,,2,specimens,,B,C
2014,I,Falco rusticolus,Aves,Falconiformes,Falconidae,Falco,GB,AE,GB,,7,live,,B,C
2014,I,Falco rusticolus,Aves,Falconiformes,Falconidae,Falco,GB,AE,GB,,6,specimens,,B,C
2014,I,Falco rusticolus,Aves,Falconiformes,Falconidae,Falco,GB,AE,US,,3,live,,B,C
2014,I,Falco rusticolus,Aves,Falconiformes,Falconidae,Falco,GB,AE,US,,2,specimens,,B,C
2014,I,Falco rusticolus,Aves,Falconiformes,Falconidae,Falco,GB,AE,,1,5,live,,B,C
2014,I,Falco rusticolus,Aves,Falconiformes,Falconidae,Falco,GB,AE,,,4,live,,B,F
2014,I,Falco rusticolus,Aves,Falconiformes,Falconidae,Falco,GB,AE,,,2,specimens,,B,F
2014,I,Acinonyx jubatus,Mammalia,Carnivora,Felidae,Acinonyx,CN,XX,,5,,skins,,E,C
2014,I,Acinonyx jubatus,Mammalia,Carnivora,Felidae,Acinonyx,CN,XX,,1,,trophies,,E,C
2014,I,Acinonyx jubatus,Mammalia,Carnivora,Felidae,Acinonyx,CN,ZA,,,5,skins,,E,C
2014,I,Acinonyx jubatus,Mammalia,Carnivora,Felidae,Acinonyx,CN,ZA,,2,,specimens,,E,C
2014,I,Acinonyx jubatus,Mammalia,Carnivora,Felidae,Acinonyx,CN,ZA,,1,,specimens,,E,W
2014,I,Acinonyx jubatus,Mammalia,Carnivora,Felidae,Acinonyx,CN,ZA,,,1,trophies,,E,C
2014,I,Acinonyx jubatus,Mammalia,Carnivora,Felidae,Acinonyx,CN,ZA,,2,5,trophies,,E,W
2014,I,Acinonyx jubatus,Mammalia,Carnivora,Felidae,Acinonyx,GA,ZA,,,3,live,,B,C
2014,I,Leopardus pardalis,Mammalia,Carnivora,Felidae,Leopardus,ES,MX,,,1,skulls,,E,W
2014,I,Panthera leo persica,Mammalia,Carnivora,Felidae,Panthera,IL,DE,,,1,live,,B,C
2014,I,Panthera onca,Mammalia,Carnivora,Felidae,Panthera,AE,ZA,,1,,live,,B,C
2014,I,Panthera onca,Mammalia,Carnivora,Felidae,Panthera,BE,ZA,,,1,live,,B,C
2014,I,Panthera onca,Mammalia,Carnivora,Felidae,Panthera,CN,XX,,1,,trophies,,E,C
2014,I,Panthera onca,Mammalia,Carnivora,Felidae,Panthera,CN,ZA,,,1,skins,,E,C
2014,I,Panthera pardus,Mammalia,Carnivora,Felidae,Panthera,CN,ZA,,1,,specimens,,E,W
2014,I,Panthera tigris,Mammalia,Carnivora,Felidae,Panthera,AE,ZA,,2,1,live,,B,C
2014,I,Panthera tigris,Mammalia,Carnivora,Felidae,Panthera,BH,AE,XX,,1,skins,,E,W
2014,I,Panthera tigris,Mammalia,Carnivora,Felidae,Panthera,BH,AE,,,2,live,,B,C
2014,I,Panthera tigris,Mammalia,Carnivora,Felidae,Panthera,BT,AE,XX,1,,trophies,,E,I
2014,I,Panthera tigris,Mammalia,Carnivora,Felidae,Panthera,BT,AE,XX,,1,trophies,,E,W
2014,I,Panthera tigris,Mammalia,Carnivora,Felidae,Panthera,CN,BE,BE,1,,trophies,,E,C
2014,I,Panthera tigris,Mammalia,Carnivora,Felidae,Panthera,CN,BE,ES,1,,trophies,,E,C
2014,I,Panthera tigris,Mammalia,Carnivora,Felidae,Panthera,CN,XX,,4,,skins,,E,C
2014,I,Panthera tigris,Mammalia,Carnivora,Felidae,Panthera,CN,XX,,1,,trophies,,E,C
2014,I,Panthera tigris,Mammalia,Carnivora,Felidae,Panthera,CN,ZA,,,1,skins,,E,C
2014,I,Panthera tigris,Mammalia,Carnivora,Felidae,Panthera,CN,ZA,,,1,trophies,,E,C
2014,I,Panthera tigris,Mammalia,Carnivora,Felidae,Panthera,GA,ZA,,,3,live,,B,C
2014,I,Panthera tigris,Mammalia,Carnivora,Felidae,Panthera,KP,ZA,,,2,live,,B,C
2014,I,Panthera tigris,Mammalia,Carnivora,Felidae,Panthera,PH,AE,,1,1,live,,B,F
2014,I,Panthera tigris,Mammalia,Carnivora,Felidae,Panthera,PK,ZA,XX,1,,live,,B,W
2014,I,Panthera tigris,Mammalia,Carnivora,Felidae,Panthera,PK,ZA,,,3,live,,B,C
2014,I,Panthera tigris,Mammalia,Carnivora,Felidae,Panthera,US,GR,XX,1,1,live,,E,I
2014,I,Uncia uncia,Mammalia,Carnivora,Felidae,Uncia,AE,RU,,1,,live,,B,C
2014,I,Geoclemys hamiltonii,Reptilia,Testudines,Geoemydidae,Geoclemys,NL,HK,XX,32,,live,,B,I
2014,I,Grus japonensis,Aves,Gruiformes,Gruidae,Grus,KR,NL,,2,,live,,B,C
2014,I,Grus japonensis,Aves,Gruiformes,Gruidae,Grus,SG,HK,XX,,2,live,,B,C
2014,I,Grus vipio,Aves,Gruiformes,Gruidae,Grus,KR,NL,,2,,live,,B,C
2014,I,Pan troglodytes,Mammalia,Primates,Hominidae,Pan,ZA,LR,,1,,live,,E,C
2014,I,Pongo abelii,Mammalia,Primates,Hominidae,Pongo,US,DE,CH,1,1,live,,B,C
2014,I,Brachylophus spp.,Reptilia,Sauria,Iguanidae,Brachylophus,TH,AT,,,8,live,,B,C
2014,I,Brachylophus bulabula,Reptilia,Sauria,Iguanidae,Brachylophus,TH,AT,,,16,live,,B,C
2014,I,Cyclura rileyi,Reptilia,Sauria,Iguanidae,Cyclura,CA,AT,,4,,live,,B,C
2014,I,Varecia rubra,Mammalia,Primates,Lemuridae,Varecia,CN,BG,GB,2,,live,,B,C
2014,I,Varecia variegata,Mammalia,Primates,Lemuridae,Varecia,CN,BG,GB,3,,live,,B,C
2014,I,Varecia variegata,Mammalia,Primates,Lemuridae,Varecia,CN,CZ,,10,,live,,B,C
2014,I,Varecia variegata,Mammalia,Primates,Lemuridae,Varecia,RU,DE,,,1,live,,B,C
2014,I,Mustela nigripes,Mammalia,Carnivora,Mustelidae,Mustela,CA,US,,6,3,live,,B,F
2014,I,Pteronura brasiliensis,Mammalia,Carnivora,Mustelidae,Pteronura,SR,DE,,,1,live,,B,C
2014,I,Lophophorus impejanus,Aves,Galliformes,Phasianidae,Lophophorus,ZA,BE,,2,,live,,B,C
2014,I,Polyplectron napoleonis,Aves,Galliformes,Phasianidae,Polyplectron,ZA,BE,,4,,live,,B,C
2014,I,Syrmaticus humiae,Aves,Galliformes,Phasianidae,Syrmaticus,AT,TH,,6,,live,,B,C
2014,I,Syrmaticus mikado,Aves,Galliformes,Phasianidae,Syrmaticus,CH,DE,,,2,live,,B,C
2014,I,Tragopan caboti,Aves,Galliformes,Phasianidae,Tragopan,ZA,BE,,16,,live,,B,C
2014,I,Physeter macrocephalus,Mammalia,Cetacea,Physeteridae,Physeter,BE,IS,,,400,carvings,g,E,W
2014,I,Bettongia penicillata,Mammalia,Diprotodontia,Potoroidae,Bettongia,US,DE,,2,2,live,,B,C
2014,I,Amazona auropalliata,Aves,Psittaciformes,Psittacidae,Amazona,BH,ZA,,,10,live,,B,C
2014,I,Amazona auropalliata,Aves,Psittaciformes,Psittacidae,Amazona,JO,ZA,,,11,live,,B,C
2014,I,Amazona auropalliata,Aves,Psittaciformes,Psittacidae,Amazona,KW,SK,CZ,,3,live,,B,C
2014,I,Amazona auropalliata,Aves,Psittaciformes,Psittacidae,Amazona,KW,SK,,,6,live,,B,C
2014,I,Amazona auropalliata,Aves,Psittaciformes,Psittacidae,Amazona,KW,ZA,,,20,live,,B,C
2014,I,Amazona auropalliata,Aves,Psittaciformes,Psittacidae,Amazona,MY,ZA,,,20,live,,B,C
2014,I,Amazona auropalliata,Aves,Psittaciformes,Psittacidae,Amazona,OM,ZA,,,25,live,,B,C
2014,I,Amazona auropalliata,Aves,Psittaciformes,Psittacidae,Amazona,QA,ZA,,8,,live,,B,C
2014,I,Amazona auropalliata,Aves,Psittaciformes,Psittacidae,Amazona,TH,AT,,1,,live,,B,C
2014,I,Amazona auropalliata,Aves,Psittaciformes,Psittacidae,Amazona,TH,BE,,5,,live,,B,C
2014,I,Amazona auropalliata,Aves,Psittaciformes,Psittacidae,Amazona,TH,DE,,3,,live,,B,C
2014,I,Amazona auropalliata,Aves,Psittaciformes,Psittacidae,Amazona,TH,FR,,3,,live,,B,C
2014,I,Amazona auropalliata,Aves,Psittaciformes,Psittacidae,Amazona,TH,NL,AT,1,,live,,B,C
2014,I,Amazona auropalliata,Aves,Psittaciformes,Psittacidae,Amazona,TH,NL,BE,1,,live,,B,C
2014,I,Amazona auropalliata,Aves,Psittaciformes,Psittacidae,Amazona,TH,NL,CZ,1,,live,,B,C
2014,I,Amazona auropalliata,Aves,Psittaciformes,Psittacidae,Amazona,TH,NL,DE,1,,live,,B,C
2014,I,Amazona barbadensis,Aves,Psittaciformes,Psittacidae,Amazona,DE,PH,,,11,live,,B,C
2014,I,Amazona barbadensis,Aves,Psittaciformes,Psittacidae,Amazona,KW,ZA,,,4,live,,B,C
2014,I,Amazona barbadensis,Aves,Psittaciformes,Psittacidae,Amazona,PH,FR,,5,,live,,B,C
2014,I,Amazona barbadensis,Aves,Psittaciformes,Psittacidae,Amazona,PH,TH,PH,,6,live,,B,C
2014,I,Amazona barbadensis,Aves,Psittaciformes,Psittacidae,Amazona,PH,TH,,16,,live,,B,C
2014,I,Amazona barbadensis,Aves,Psittaciformes,Psittacidae,Amazona,TH,PH,,9,9,live,,B,C
2014,I,Amazona finschi,Aves,Psittaciformes,Psittacidae,Amazona,DE,PH,,,18,live,,B,C
2014,I,Amazona finschi,Aves,Psittaciformes,Psittacidae,Amazona,PH,TH,,12,,live,,B,C
2014,I,Amazona leucocephala,Aves,Psittaciformes,Psittacidae,Amazona,DE,PH,,,8,live,,B,C
2014,I,Amazona leucocephala,Aves,Psittaciformes,Psittacidae,Amazona,JO,ZA,,,4,live,,B,C
2014,I,Amazona leucocephala,Aves,Psittaciformes,Psittacidae,Amazona,KW,ZA,,,2,live,,B,C
2014,I,Amazona leucocephala,Aves,Psittaciformes,Psittacidae,Amazona,PH,TH,PH,,4,live,,B,C
2014,I,Amazona leucocephala,Aves,Psittaciformes,Psittacidae,Amazona,PH,TH,,12,,live,,B,C
2014,I,Amazona leucocephala,Aves,Psittaciformes,Psittacidae,Amazona,PK,ZA,,,8,live,,B,C
2014,I,Amazona leucocephala,Aves,Psittaciformes,Psittacidae,Amazona,TH,BE,,1,,live,,B,C
2014,I,Amazona leucocephala,Aves,Psittaciformes,Psittacidae,Amazona,TH,DE,,1,,live,,B,C
2014,I,Amazona leucocephala,Aves,Psittaciformes,Psittacidae,Amazona,TH,NL,BE,1,,live,,B,C
2014,I,Amazona leucocephala,Aves,Psittaciformes,Psittacidae,Amazona,TH,NL,DE,1,,live,,B,C
2014,I,Amazona leucocephala,Aves,Psittaciformes,Psittacidae,Amazona,TH,PH,,10,10,live,,B,C
2014,I,Amazona leucocephala,Aves,Psittaciformes,Psittacidae,Amazona,UA,SK,CZ,,2,live,,B,C
2014,I,Amazona oratrix,Aves,Psittaciformes,Psittacidae,Amazona,BH,ZA,,,10,live,,B,C
2014,I,Amazona oratrix,Aves,Psittaciformes,Psittacidae,Amazona,ID,ZA,,,4,live,,B,C
2014,I,Amazona oratrix,Aves,Psittaciformes,Psittacidae,Amazona,JO,ZA,,,21,live,,B,C
2014,I,Amazona oratrix,Aves,Psittaciformes,Psittacidae,Amazona,KW,ES,,,1,live,,B,C
2014,I,Amazona oratrix,Aves,Psittaciformes,Psittacidae,Amazona,KW,SK,CZ,,4,live,,B,C
2014,I,Amazona oratrix,Aves,Psittaciformes,Psittacidae,Amazona,KW,ZA,,,4,live,,B,C
2014,I,Amazona oratrix,Aves,Psittaciformes,Psittacidae,Amazona,MY,ZA,,,20,live,,B,C
2014,I,Amazona oratrix,Aves,Psittaciformes,Psittacidae,Amazona,OM,ZA,,,19,live,,B,C
2014,I,Amazona oratrix,Aves,Psittaciformes,Psittacidae,Amazona,TH,AT,,1,,live,,B,C
2014,I,Amazona oratrix,Aves,Psittaciformes,Psittacidae,Amazona,TH,BE,NL,1,,live,,B,C
2014,I,Amazona oratrix,Aves,Psittaciformes,Psittacidae,Amazona,TH,BE,,6,,live,,B,C
2014,I,Amazona oratrix,Aves,Psittaciformes,Psittacidae,Amazona,TH,CZ,,17,,live,,B,C
2014,I,Amazona oratrix,Aves,Psittaciformes,Psittacidae,Amazona,TH,DE,,24,,live,,B,C
2014,I,Amazona oratrix,Aves,Psittaciformes,Psittacidae,Amazona,TH,FR,,1,,live,,B,C
2014,I,Amazona oratrix,Aves,Psittaciformes,Psittacidae,Amazona,TH,NL,AT,1,,live,,B,C
2014,I,Amazona oratrix,Aves,Psittaciformes,Psittacidae,Amazona,TH,NL,BE,4,,live,,B,C
2014,I,Amazona oratrix,Aves,Psittaciformes,Psittacidae,Amazona,TH,NL,CZ,8,,live,,B,C
2014,I,Amazona oratrix,Aves,Psittaciformes,Psittacidae,Amazona,TH,NL,DE,5,,live,,B,C
2014,I,Amazona oratrix,Aves,Psittaciformes,Psittacidae,Amazona,TH,NL,,20,,live,,B,C
2014,I,Amazona vinacea,Aves,Psittaciformes,Psittacidae,Amazona,JO,ZA,,,4,live,,B,C
2014,I,Amazona vinacea,Aves,Psittaciformes,Psittacidae,Amazona,UA,SK,CZ,,2,live,,B,C
2014,I,Amazona viridigenalis,Aves,Psittaciformes,Psittacidae,Amazona,KW,ZA,,,2,live,,B,C
2014,I,Anodorhynchus hyacinthinus,Aves,Psittaciformes,Psittacidae,Anodorhynchus,TH,AR,,7,,live,,B,C
2014,I,Anodorhynchus hyacinthinus,Aves,Psittaciformes,Psittacidae,Anodorhynchus,TH,PH,,4,12,live,,B,C
2014,I,Ara ambiguus,Aves,Psittaciformes,Psittacidae,Ara,BD,ZA,,,4,live,,B,C
2014,I,Ara ambiguus,Aves,Psittaciformes,Psittacidae,Ara,ID,ZA,,,2,live,,B,C
2014,I,Ara ambiguus,Aves,Psittaciformes,Psittacidae,Ara,LK,PH,,,2,live,,B,C
2014,I,Ara ambiguus,Aves,Psittaciformes,Psittacidae,Ara,QA,ZA,,,2,live,,B,C
2014,I,Ara glaucogularis,Aves,Psittaciformes,Psittacidae,Ara,DE,PH,,,2,live,,B,C
2014,I,Ara glaucogularis,Aves,Psittaciformes,Psittacidae,Ara,ID,ZA,,,3,live,,B,C
2014,I,Ara glaucogularis,Aves,Psittaciformes,Psittacidae,Ara,PH,CH,,4,,live,,B,C
2014,I,Ara hybrid,Aves,Psittaciformes,Psittacidae,Ara,DE,PH,,,2,live,,B,C
2014,I,Ara hybrid,Aves,Psittaciformes,Psittacidae,Ara,KW,ES,,,6,live,,B,C
2014,I,Ara hybrid,Aves,Psittaciformes,Psittacidae,Ara,PH,DE,,4,,live,,B,C
2014,I,Ara macao,Aves,Psittaciformes,Psittacidae,Ara,BD,ZA,,,4,live,,B,C
2014,I,Ara macao,Aves,Psittaciformes,Psittacidae,Ara,BH,AE,,,4,live,,B,F
2014,I,Ara macao,Aves,Psittaciformes,Psittacidae,Ara,CH,ES,VE,,7,feathers,,E,W
2014,I,Ara macao,Aves,Psittaciformes,Psittacidae,Ara,CN,SR,,20,,live,,B,W
2014,I,Ara macao,Aves,Psittaciformes,Psittacidae,Ara,DE,PH,,,2,live,,B,C
2014,I,Ara macao,Aves,Psittaciformes,Psittacidae,Ara,DO,SR,,,2,live,,B,W
2014,I,Ara macao,Aves,Psittaciformes,Psittacidae,Ara,ID,ZA,,,4,live,,B,C
2014,I,Ara macao,Aves,Psittaciformes,Psittacidae,Ara,KR,PH,,,2,live,,B,C
2014,I,Ara macao,Aves,Psittaciformes,Psittacidae,Ara,KW,ES,,,2,live,,B,C
2014,I,Ara macao,Aves,Psittaciformes,Psittacidae,Ara,KW,SK,CZ,,1,live,,B,C
2014,I,Ara macao,Aves,Psittaciformes,Psittacidae,Ara,KW,ZA,,,4,live,,B,C
2014,I,Ara macao,Aves,Psittaciformes,Psittacidae,Ara,LK,PH,,,2,live,,B,C
2014,I,Ara macao,Aves,Psittaciformes,Psittacidae,Ara,LY,ZA,,,6,live,,B,C
2014,I,Ara macao,Aves,Psittaciformes,Psittacidae,Ara,OM,ZA,,,13,live,,B,C
2014,I,Ara macao,Aves,Psittaciformes,Psittacidae,Ara,PK,ZA,,,8,live,,B,C
2014,I,Ara macao,Aves,Psittaciformes,Psittacidae,Ara,QA,AE,,,4,live,,B,F
2014,I,Ara macao,Aves,Psittaciformes,Psittacidae,Ara,TH,BE,,2,,live,,B,C
2014,I,Ara macao,Aves,Psittaciformes,Psittacidae,Ara,TH,CZ,,1,,live,,B,C
2014,I,Ara macao,Aves,Psittaciformes,Psittacidae,Ara,TH,GB,,3,,live,,B,C
2014,I,Ara macao,Aves,Psittaciformes,Psittacidae,Ara,TH,NL,CZ,1,,live,,B,C
2014,I,Ara macao,Aves,Psittaciformes,Psittacidae,Ara,TH,NL,GB,1,,live,,B,C
2014,I,Ara macao,Aves,Psittaciformes,Psittacidae,Ara,TH,NL,,1,,live,,B,C
2014,I,Ara macao,Aves,Psittaciformes,Psittacidae,Ara,TH,SR,,43,46,live,,B,W
2014,I,Ara macao,Aves,Psittaciformes,Psittacidae,Ara,TH,ZA,,6,,live,,B,C
2014,I,Ara macao,Aves,Psittaciformes,Psittacidae,Ara,UA,SR,,,3,live,,B,W
2014,I,Ara militaris,Aves,Psittaciformes,Psittacidae,Ara,BH,ZA,,,2,live,,B,C
2014,I,Ara militaris,Aves,Psittaciformes,Psittacidae,Ara,LY,ZA,,,2,live,,B,C
2014,I,Ara militaris,Aves,Psittaciformes,Psittacidae,Ara,MY,ZA,,,4,live,,B,C
2014,I,Ara militaris,Aves,Psittaciformes,Psittacidae,Ara,OM,ZA,,,4,live,,B,C
2014,I,Ara militaris,Aves,Psittaciformes,Psittacidae,Ara,TH,DE,,2,,live,,B,C
2014,I,Ara militaris,Aves,Psittaciformes,Psittacidae,Ara,TH,ZA,,6,,live,,B,C
2014,I,Ara rubrogenys,Aves,Psittaciformes,Psittacidae,Ara,CY,ZA,,1,,live,,B,C
2014,I,Cyanopsitta spixii,Aves,Psittaciformes,Psittacidae,Cyanopsitta,BR,DE,,2,,live,,B,C
2014,I,Guarouba guarouba,Aves,Psittaciformes,Psittacidae,Guarouba,BD,ZA,,,6,live,,B,C
2014,I,Guarouba guarouba,Aves,Psittaciformes,Psittacidae,Guarouba,PH,CH,,2,,live,,B,C
2014,I,Guarouba guarouba,Aves,Psittaciformes,Psittacidae,Guarouba,QA,ZA,,,4,live,,B,C
2014,I,Pyrrhura cruentata,Aves,Psittaciformes,Psittacidae,Pyrrhura,BD,ZA,,,20,live,,B,C
2014,I,Spheniscus humboldti,Aves,Sphenisciformes,Spheniscidae,Spheniscus,DE,CH,,4,,live,,B,C
2014,I,Spheniscus humboldti,Aves,Sphenisciformes,Spheniscidae,Spheniscus,MX,PE,,10,,live,,B,C
2014,I,Spheniscus humboldti,Aves,Sphenisciformes,Spheniscidae,Spheniscus,RU,DE,,,2,live,,B,C
2014,I,Astrochelys radiata,Reptilia,Testudines,Testudinidae,Astrochelys,MU,FR,,,3,live,,B,F
2014,I,Astrochelys radiata,Reptilia,Testudines,Testudinidae,Astrochelys,NL,HK,XX,78,,live,,B,I
2014,I,Astrochelys yniphora,Reptilia,Testudines,Testudinidae,Astrochelys,US,HK,MG,1,,live,,B,W
2014,I,Pyxis arachnoides,Reptilia,Testudines,Testudinidae,Pyxis,NL,HK,XX,9,,live,,B,I
2014,I,Trichechus manatus,Mammalia,Sirenia,Trichechidae,Trichechus,FR,BR,,5,,live,,B,W
2014,I,Ailuropoda melanoleuca,Mammalia,Carnivora,Ursidae,Ailuropoda,CN,JP,,,2,live,,B,C
2014,I,Ursus arctos,Mammalia,Carnivora,Ursidae,Ursus,AE,UA,,2,,live,,B,C
2014,II,Accipiter gentilis,Aves,Falconiformes,Accipitridae,Accipiter,MX,ES,,13,,live,,B,C
2014,II,Accipitridae spp.,Aves,Falconiformes,Accipitridae,,ES,MX,,,1,feathers,,E,W
2014,II,Aquila chrysaetos,Aves,Falconiformes,Accipitridae,Aquila,GB,CA,,,1,live,,E,F
2014,II,Aquila chrysaetos,Aves,Falconiformes,Accipitridae,Aquila,MX,ES,,2,,live,,B,C
2014,II,Aquila rapax,Aves,Falconiformes,Accipitridae,Aquila,GB,TZ,,,2,live,,B,W
2014,II,Buteo jamaicensis,Aves,Falconiformes,Accipitridae,Buteo,CA,US,,,1,live,,E,W
2014,II,Buteo jamaicensis,Aves,Falconiformes,Accipitridae,Buteo,US,CA,US,1,1,live,,E,W
2014,II,Circaetus gallicus,Aves,Falconiformes,Accipitridae,Circaetus,US,ES,,4,4,live,,B,W
2014,II,Geranoaetus melanoleucus,Aves,Falconiformes,Accipitridae,Geranoaetus,CN,BE,,1,,specimens,,E,C
2014,II,Gypohierax angolensis,Aves,Falconiformes,Accipitridae,Gypohierax,CN,BE,GB,1,,specimens,,E,U
2014,II,Gyps africanus,Aves,Falconiformes,Accipitridae,Gyps,CN,ZA,,2,,specimens,,E,W
2014,II,Gyps africanus,Aves,Falconiformes,Accipitridae,Gyps,CN,ZA,,1,2,trophies,,E,W
2014,II,Gyps coprotheres,Aves,Falconiformes,Accipitridae,Gyps,CN,ZA,,1,,specimens,,E,W
2014,II,Gyps coprotheres,Aves,Falconiformes,Accipitridae,Gyps,CN,ZA,,2,1,trophies,,E,W
2014,II,Gyps fulvus,Aves,Falconiformes,Accipitridae,Gyps,HU,RS,,,2,live,,B,W
2014,II,Gyps rueppellii,Aves,Falconiformes,Accipitridae,Gyps,US,NL,FR,1,,bodies,,E,C
2014,II,Haliaeetus pelagicus,Aves,Falconiformes,Accipitridae,Haliaeetus,DE,RU,,1,,live,,B,F
2014,II,Hieraaetus fasciatus,Aves,Falconiformes,Accipitridae,Hieraaetus,US,ES,,6,6,live,,B,W
2014,II,Hieraaetus pennatus,Aves,Falconiformes,Accipitridae,Hieraaetus,US,ES,,4,4,live,,B,W
2014,II,Hieraaetus spilogaster,Aves,Falconiformes,Accipitridae,Hieraaetus,GB,TZ,,,7,live,,B,W
2014,II,Lophaetus occipitalis,Aves,Falconiformes,Accipitridae,Lophaetus,CN,ZA,,1,,specimens,,E,W
2014,II,Lophaetus occipitalis,Aves,Falconiformes,Accipitridae,Lophaetus,CN,ZA,,,1,trophies,,E,W
2014,II,Micronisus gabar,Aves,Falconiformes,Accipitridae,Micronisus,CN,BE,GB,1,,specimens,,E,C
2014,II,Necrosyrtes monachus,Aves,Falconiformes,Accipitridae,Necrosyrtes,CN,BE,XX,1,,specimens,,E,U
2014,II,Parabuteo unicinctus,Aves,Falconiformes,Accipitridae,Parabuteo,TH,ES,,2,,live,,B,C
2014,II,Parabuteo unicinctus,Aves,Falconiformes,Accipitridae,Parabuteo,TH,NL,,8,,live,,B,C
2014,II,Polemaetus bellicosus,Aves,Falconiformes,Accipitridae,Polemaetus,CN,BE,XX,1,,specimens,,E,U
2014,II,Polemaetus bellicosus,Aves,Falconiformes,Accipitridae,Polemaetus,CN,ZA,,1,1,trophies,,E,W
2014,II,Polemaetus bellicosus,Aves,Falconiformes,Accipitridae,Polemaetus,TH,ZA,TZ,,2,live,,B,W
2014,II,Spizaetus ornatus,Aves,Falconiformes,Accipitridae,Spizaetus,US,FR,,,1,live,,B,I
2014,II,Stephanoaetus coronatus,Aves,Falconiformes,Accipitridae,Stephanoaetus,GB,ZA,,,2,live,,B,W
2014,II,Stephanoaetus coronatus,Aves,Falconiformes,Accipitridae,Stephanoaetus,NL,TZ,,,5,live,,B,W
2014,II,Stephanoaetus coronatus,Aves,Falconiformes,Accipitridae,Stephanoaetus,TH,JP,ZA,1,,live,,B,W
2014,II,Stephanoaetus coronatus,Aves,Falconiformes,Accipitridae,Stephanoaetus,TH,ZA,,5,,live,,B,W
2014,II,Terathopius ecaudatus,Aves,Falconiformes,Accipitridae,Terathopius,CN,BE,XX,1,,specimens,,E,U
2014,II,Torgos tracheliotus,Aves,Falconiformes,Accipitridae,Torgos,CN,ZA,,1,1,trophies,,E,W
2014,II,Trigonoceps occipitalis,Aves,Falconiformes,Accipitridae,Trigonoceps,CN,BE,GB,1,,specimens,,E,C
2014,II,Trigonoceps occipitalis,Aves,Falconiformes,Accipitridae,Trigonoceps,CN,ZA,,1,1,trophies,,E,W
2014,II,Acropora spp.,Anthozoa,Scleractinia,Acroporidae,Acropora,BR,ID,,200,,live,,B,F
2014,II,Montipora spp.,Anthozoa,Scleractinia,Acroporidae,Montipora,BR,ID,,40,,live,,B,F
2014,II,Alligator mississippiensis,Reptilia,Crocodylia,Alligatoridae,Alligator,CN,XX,,1,,specimens,,E,W
2014,II,Caiman crocodilus crocodilus,Reptilia,Crocodylia,Alligatoridae,Caiman,PH,GY,,50,,live,,B,W
2014,II,Branta ruficollis,Aves,Anseriformes,Anatidae,Branta,SC,FR,BE,,4,live,,B,C
2014,II,Cygnus melancoryphus,Aves,Anseriformes,Anatidae,Cygnus,LK,TH,,4,,live,,B,C
2014,II,Anguilla anguilla,Actinopterygii,Anguilliformes,Anguillidae,Anguilla,KR,MA,,2000,,live,kg,B,W
2014,II,Panax spp.,,Apiales,Araliaceae,Panax,BH,AE,,,2,roots,,E,W
2014,II,Panax spp.,,Apiales,Araliaceae,Panax,BT,AE,XX,1,,roots,,E,W
2014,II,Panax spp.,,Apiales,Araliaceae,Panax,BT,AE,,,1,roots,,E,W
2014,II,Panax spp.,,Apiales,Araliaceae,Panax,ET,AE,,,1,roots,,E,W
2014,II,Panax spp.,,Apiales,Araliaceae,Panax,MR,AE,,,1,roots,,E,W
2014,II,Alouatta guariba,Mammalia,Primates,Atelidae,Alouatta,DE,US,XX,,1,bodies,,E,W
2014,II,Balaeniceps rex,Aves,Ciconiiformes,Balaenicipitidae,Balaeniceps,JP,TZ,,,1,live,,B,W
2014,II,Balaeniceps rex,Aves,Ciconiiformes,Balaenicipitidae,Balaeniceps,TH,TZ,,,2,live,,B,W
2014,II,Boa constrictor,Reptilia,Serpentes,Boidae,Boa,BH,AE,XX,,2,skins,,E,W
2014,II,Boa constrictor,Reptilia,Serpentes,Boidae,Boa,BT,AE,XX,1,1,leather products (small),,E,W
2014,II,Boa constrictor,Reptilia,Serpentes,Boidae,Boa,CN,US,,70,,live,,B,C
2014,II,Boa constrictor,Reptilia,Serpentes,Boidae,Boa,ET,AE,XX,,1,skins,,E,W
2014,II,Boa constrictor,Reptilia,Serpentes,Boidae,Boa,ID,FR,DE,,6,live,,B,C
2014,II,Boa constrictor,Reptilia,Serpentes,Boidae,Boa,MR,AE,XX,,1,skins,,E,W
2014,II,Boa constrictor,Reptilia,Serpentes,Boidae,Boa,PH,GY,,15,,live,,B,W
2014,II,Boa constrictor,Reptilia,Serpentes,Boidae,Boa,PH,US,CO,100,,live,,B,C
2014,II,Boa constrictor,Reptilia,Serpentes,Boidae,Boa,PH,US,,10,,live,,B,C
2014,II,Candoia aspera,Reptilia,Serpentes,Boidae,Candoia,US,PG,,1,,specimens,,E,W
2014,II,Charina bottae,Reptilia,Serpentes,Boidae,Charina,JP,DK,,6,6,live,,B,C
2014,II,Corallus caninus,Reptilia,Serpentes,Boidae,Corallus,RU,SR,,,7,live,,B,W
2014,II,Corallus hortulanus,Reptilia,Serpentes,Boidae,Corallus,RU,SR,,,30,live,,B,W
2014,II,Epicrates striatus,Reptilia,Serpentes,Boidae,Epicrates,JP,DK,,5,5,live,,B,C
2014,II,Eunectes murinus,Reptilia,Serpentes,Boidae,Eunectes,PH,GY,,5,,live,,B,W
2014,II,Ammotragus lervia,Mammalia,Artiodactyla,Bovidae,Ammotragus,CN,XX,,1,,specimens,,E,W
2014,II,Ammotragus lervia,Mammalia,Artiodactyla,Bovidae,Ammotragus,CN,ZA,,,1,trophies,,E,W
2014,II,Damaliscus pygargus,Mammalia,Artiodactyla,Bovidae,Damaliscus,CN,ZA,,1,,trophies,,E,W
2014,II,Damaliscus pygargus pygargus,Mammalia,Artiodactyla,Bovidae,Damaliscus,CN,ZA,,5,,specimens,,E,W
2014,II,Damaliscus pygargus pygargus,Mammalia,Artiodactyla,Bovidae,Damaliscus,CN,ZA,,5,,trophies,,E,W
2014,II,Kobus leche,Mammalia,Artiodactyla,Bovidae,Kobus,CN,ZA,,3,,specimens,,E,C
2014,II,Kobus leche,Mammalia,Artiodactyla,Bovidae,Kobus,CN,ZA,,1,,specimens,,E,F
2014,II,Kobus leche,Mammalia,Artiodactyla,Bovidae,Kobus,CN,ZA,,1,,specimens,,E,W
2014,II,Kobus leche,Mammalia,Artiodactyla,Bovidae,Kobus,NA,ZA,,795,,live,,B,W
2014,II,Philantomba monticola,Mammalia,Artiodactyla,Bovidae,Philantomba,AE,ZA,,,8,live,,B,C
2014,II,Philantomba monticola,Mammalia,Artiodactyla,Bovidae,Philantomba,QA,ZA,,,8,live,,B,C
2014,II,Saiga tatarica,Mammalia,Artiodactyla,Bovidae,Saiga,US,RU,,1,,trophies,,E,W
2014,II,Anthracoceros marchei,Aves,Coraciiformes,Bucerotidae,Anthracoceros,GR,PH,,,6,live,,B,C
2014,II,Buceros hydrocorax hydrocorax,Aves,Coraciiformes,Bucerotidae,Buceros,GR,PH,,,5,live,,B,C
2014,II,Penelopides panini,Aves,Coraciiformes,Bucerotidae,Penelopides,GR,PH,,,8,live,,B,C
2014,II,Rhyticeros plicatus,Aves,Coraciiformes,Bucerotidae,Rhyticeros,ZA,TH,,6,,live,,B,W
2014,II,Cacatua alba,Aves,Psittaciformes,Cacatuidae,Cacatua,BH,AE,,,10,live,,B,F
2014,II,Cacatua alba,Aves,Psittaciformes,Cacatuidae,Cacatua,LK,TH,,4,,live,,B,C
2014,II,Cacatua alba,Aves,Psittaciformes,Cacatuidae,Cacatua,PH,TH,,10,,live,,B,C
2014,II,Cacatua alba,Aves,Psittaciformes,Cacatuidae,Cacatua,QA,AE,,,10,live,,B,F
2014,II,Cacatua galerita,Aves,Psittaciformes,Cacatuidae,Cacatua,AU,PG,,,5,feathers,,E,W
2014,II,Cacatua galerita,Aves,Psittaciformes,Cacatuidae,Cacatua,LK,TH,,11,,live,,B,C
2014,II,Cacatua galerita,Aves,Psittaciformes,Cacatuidae,Cacatua,PH,TH,,10,,live,,B,C
2014,II,Cacatua leadbeateri,Aves,Psittaciformes,Cacatuidae,Cacatua,CN,TH,NL,10,,live,,B,C
2014,II,Cacatua leadbeateri,Aves,Psittaciformes,Cacatuidae,Cacatua,PH,US,,2,,live,,B,F
2014,II,Cacatua leadbeateri,Aves,Psittaciformes,Cacatuidae,Cacatua,RU,BY,,,1,live,,B,C
2014,II,Cacatua ophthalmica,Aves,Psittaciformes,Cacatuidae,Cacatua,PH,TH,,8,,live,,B,C
2014,II,Cacatua sanguinea,Aves,Psittaciformes,Cacatuidae,Cacatua,OM,ZA,,,4,live,,B,C
2014,II,Eolophus roseicapilla,Aves,Psittaciformes,Cacatuidae,Eolophus,BR,PT,,4,,live,,B,C
2014,II,Eolophus roseicapilla,Aves,Psittaciformes,Cacatuidae,Eolophus,CN,TH,NL,30,,live,,B,C
2014,II,Eolophus roseicapilla,Aves,Psittaciformes,Cacatuidae,Eolophus,LK,TH,,3,,live,,B,C
2014,II,Eolophus roseicapilla,Aves,Psittaciformes,Cacatuidae,Eolophus,PH,BE,NL,24,,live,,B,C
2014,II,Eolophus roseicapilla,Aves,Psittaciformes,Cacatuidae,Eolophus,PH,BE,,9,,live,,B,C
2014,II,Eolophus roseicapilla,Aves,Psittaciformes,Cacatuidae,Eolophus,PH,US,,2,,live,,B,C
2014,II,Eolophus roseicapilla,Aves,Psittaciformes,Cacatuidae,Eolophus,PH,US,,10,,live,,B,F
2014,II,Canis lupus,Mammalia,Carnivora,Canidae,Canis,AE,UA,,6,,live,,B,C
2014,II,Canis lupus,Mammalia,Carnivora,Canidae,Canis,CN,CZ,FR,1,1,live,,B,C
2014,II,Canis lupus,Mammalia,Carnivora,Canidae,Canis,CN,CZ,,7,7,live,,B,C
2014,II,Canis lupus,Mammalia,Carnivora,Canidae,Canis,MX,US,,,2,live,,B,F
2014,II,Canis lupus,Mammalia,Carnivora,Canidae,Canis,SG,AE,,,2,live,,B,F
2014,II,Canis lupus,Mammalia,Carnivora,Canidae,Canis,US,CA,,,8,skins,,E,W
2014,II,Canis lupus,Mammalia,Carnivora,Canidae,Canis,US,MX,,,2,live,,B,C
2014,II,Cuon alpinus,Mammalia,Carnivora,Canidae,Cuon,RU,DE,,,2,live,,B,C
2014,II,Vulpes zerda,Mammalia,Carnivora,Canidae,Vulpes,TH,SD,,44,,live,,B,C
2014,II,Plerogyra sinuosa,Anthozoa,Scleractinia,Caryophylliidae,Plerogyra,SG,AU,,2,,live,,E,W
2014,II,Callithrix jacchus,Mammalia,Primates,Cebidae,Callithrix,CN,DE,,,55,live,,B,C
2014,II,Callithrix jacchus,Mammalia,Primates,Cebidae,Callithrix,CN,ZA,,50,90,live,,B,C
2014,II,Callithrix jacchus,Mammalia,Primates,Cebidae,Callithrix,MY,ZA,,,2,live,,B,C
2014,II,Callithrix jacchus,Mammalia,Primates,Cebidae,Callithrix,NP,ZA,,,10,live,,B,C
2014,II,Callithrix jacchus,Mammalia,Primates,Cebidae,Callithrix,US,ZA,,,80,live,,B,C
2014,II,Callithrix penicillata,Mammalia,Primates,Cebidae,Callithrix,NP,ZA,,,16,live,,B,C
2014,II,Cebus apella,Mammalia,Primates,Cebidae,Cebus,CN,GY,,36,,live,,B,C
2014,II,Cebus apella,Mammalia,Primates,Cebidae,Cebus,CN,GY,,36,,live,,B,W
2014,II,Saguinus imperator,Mammalia,Primates,Cebidae,Saguinus,TH,ZA,,,2,live,,B,C
2014,II,Saguinus imperator,Mammalia,Primates,Cebidae,Saguinus,ZA,DE,GB,,1,live,,B,C
2014,II,Saguinus imperator,Mammalia,Primates,Cebidae,Saguinus,ZA,DE,,1,,live,,B,C
2014,II,Saguinus midas,Mammalia,Primates,Cebidae,Saguinus,HT,SR,,,20,live,,B,W
2014,II,Saguinus midas,Mammalia,Primates,Cebidae,Saguinus,NP,ZA,,,6,live,,B,C
2014,II,Saguinus midas,Mammalia,Primates,Cebidae,Saguinus,TH,GY,,40,,live,,B,W
2014,II,Saguinus midas,Mammalia,Primates,Cebidae,Saguinus,TH,SR,,,20,live,,B,W
2014,II,Saimiri boliviensis,Mammalia,Primates,Cebidae,Saimiri,CH,DE,,,8,live,,B,C
2014,II,Saimiri boliviensis,Mammalia,Primates,Cebidae,Saimiri,ZA,DE,,,5,live,,B,C
2014,II,Saimiri sciureus,Mammalia,Primates,Cebidae,Saimiri,CN,GY,,120,,live,,B,C
2014,II,Saimiri sciureus,Mammalia,Primates,Cebidae,Saimiri,CN,GY,,60,,live,,B,W
2014,II,Saimiri sciureus,Mammalia,Primates,Cebidae,Saimiri,TH,SR,,50,90,live,,B,W
2014,II,Chlorocebus pygerythrus,Mammalia,Primates,Cercopithecidae,Chlorocebus,CN,ZA,,25,,specimens,,E,W
2014,II,Chlorocebus pygerythrus,Mammalia,Primates,Cercopithecidae,Chlorocebus,CN,ZA,,1,11,trophies,,E,W
2014,II,Colobus guereza,Mammalia,Primates,Cercopithecidae,Colobus,CN,ET,,21,,live,,B,W
2014,II,Lophocebus aterrimus,Mammalia,Primates,Cercopithecidae,Lophocebus,ZA,TH,XX,3,,live,,B,W
2014,II,Macaca fascicularis,Mammalia,Primates,Cercopithecidae,Macaca,US,FR,PH,,2,specimens,ml,B,C
2014,II,Macaca nigra,Mammalia,Primates,Cercopithecidae,Macaca,CN,PH,,,6,live,,B,C
2014,II,Macaca nigra,Mammalia,Primates,Cercopithecidae,Macaca,DE,GB,,1,,live,,B,C
2014,II,Macaca nigra,Mammalia,Primates,Cercopithecidae,Macaca,DE,JE,,2,,live,,B,C
2014,II,Papio ursinus,Mammalia,Primates,Cercopithecidae,Papio,CN,ZA,,8,,specimens,,E,W
2014,II,Papio ursinus,Mammalia,Primates,Cercopithecidae,Papio,CN,ZA,,7,12,trophies,,E,W
2014,II,Papio ursinus,Mammalia,Primates,Cercopithecidae,Papio,DK,NO,XX,,3,skulls,,E,W
2014,II,Chamaeleo namaquensis,Reptilia,Sauria,Chamaeleonidae,Chamaeleo,JP,AT,,6,6,live,,B,C
2014,II,Ptyas mucosus,Reptilia,Serpentes,Colubridae,Ptyas,CN,ID,,19900,,live,,B,C
2014,II,Ptyas mucosus,Reptilia,Serpentes,Colubridae,Ptyas,CN,MY,,500,,live,,B,W
2014,II,Ptyas mucosus,Reptilia,Serpentes,Colubridae,Ptyas,CN,SG,ID,9,,skins,,E,W
2014,II,Ptyas mucosus,Reptilia,Serpentes,Colubridae,Ptyas,CN,VN,,3000,,live,,B,C
2014,II,Ptyas mucosus,Reptilia,Serpentes,Colubridae,Ptyas,SG,CN,ID,,9,skins,,E,W
2014,II,Rupicola rupicola,Aves,Passeriformes,Cotingidae,Rupicola,CN,BE,XX,1,,specimens,,E,U
2014,II,Crocodylus niloticus,Reptilia,Crocodylia,Crocodylidae,Crocodylus,BH,AE,XX,,3,leather products (small),,E,W
2014,II,Crocodylus niloticus,Reptilia,Crocodylia,Crocodylidae,Crocodylus,BH,AE,XX,,1,trophies,,E,W
2014,II,Crocodylus niloticus,Reptilia,Crocodylia,Crocodylidae,Crocodylus,BT,AE,XX,,3,leather products (small),,E,W
2014,II,Crocodylus niloticus,Reptilia,Crocodylia,Crocodylidae,Crocodylus,BT,AE,XX,,1,trophies,,E,W
2014,II,Crocodylus niloticus,Reptilia,Crocodylia,Crocodylidae,Crocodylus,CN,ZA,MZ,1,1,trophies,,E,W
2014,II,Crocodylus niloticus,Reptilia,Crocodylia,Crocodylidae,Crocodylus,CN,ZA,,6,,specimens,,E,W
2014,II,Crocodylus niloticus,Reptilia,Crocodylia,Crocodylidae,Crocodylus,CN,ZA,,2,5,trophies,,E,W
2014,II,Crocodylus niloticus,Reptilia,Crocodylia,Crocodylidae,Crocodylus,ET,AE,XX,,3,leather products (small),,E,W
2014,II,Crocodylus niloticus,Reptilia,Crocodylia,Crocodylidae,Crocodylus,ET,AE,XX,,1,trophies,,E,W
2014,II,Crocodylus niloticus,Reptilia,Crocodylia,Crocodylidae,Crocodylus,MR,AE,XX,,3,leather products (small),,E,W
2014,II,Crocodylus niloticus,Reptilia,Crocodylia,Crocodylidae,Crocodylus,MR,AE,XX,,1,trophies,,E,W
2014,II,Crocodylus novaeguineae,Reptilia,Crocodylia,Crocodylidae,Crocodylus,CN,SG,ID,44,,skins,,E,W
2014,II,Crocodylus novaeguineae,Reptilia,Crocodylia,Crocodylidae,Crocodylus,SG,CN,ID,,41,skins,,E,W
2014,II,Crocodylus porosus,Reptilia,Crocodylia,Crocodylidae,Crocodylus,CN,SG,ID,4,,skins,,E,R
2014,II,Crocodylus porosus,Reptilia,Crocodylia,Crocodylidae,Crocodylus,SG,CN,ID,,4,skins,,E,R
2014,II,Tursiops truncatus,Mammalia,Cetacea,Delphinidae,Tursiops,FR,AU,FR,1,,genitalia,,E,W
2014,II,Tursiops truncatus,Mammalia,Cetacea,Delphinidae,Tursiops,FR,AU,FR,2,,specimens,,E,W
2014,II,Ameerega trivittata,Amphibia,Anura,Dendrobatidae,Ameerega,FR,CA,,6,,live,,B,C
2014,II,Dendrobates auratus,Amphibia,Anura,Dendrobatidae,Dendrobates,FR,CA,,29,,live,,B,C
2014,II,Dendrobates leucomelas,Amphibia,Anura,Dendrobatidae,Dendrobates,FR,CA,,1,,live,,B,C
2014,II,Dendrobates tinctorius,Amphibia,Anura,Dendrobatidae,Dendrobates,CH,SR,,,20,live,,B,W
2014,II,Dendrobates tinctorius,Amphibia,Anura,Dendrobatidae,Dendrobates,FR,CA,,2,,live,,B,C
2014,II,Ranitomeya amazonica,Amphibia,Anura,Dendrobatidae,Ranitomeya,FR,CA,,8,,live,,B,C
2014,II,Ranitomeya fantastica,Amphibia,Anura,Dendrobatidae,Ranitomeya,FR,CA,,13,,live,,B,C
2014,II,Ranitomeya imitator,Amphibia,Anura,Dendrobatidae,Ranitomeya,FR,CA,,9,,live,,B,C
2014,II,Ranitomeya sirensis,Amphibia,Anura,Dendrobatidae,Ranitomeya,FR,CA,,13,,live,,B,C
2014,II,Ranitomeya uakarii,Amphibia,Anura,Dendrobatidae,Ranitomeya,FR,CA,,5,,live,,B,C
2014,II,Ranitomeya variabilis,Amphibia,Anura,Dendrobatidae,Ranitomeya,FR,CA,,23,,live,,B,C
2014,II,Diospyros spp.,,Ebenales,Ebenaceae,Diospyros,CH,DE,XX,,6,sawn wood,,E,I
2014,II,Naja naja,Reptilia,Serpentes,Elapidae,Naja,CN,VN,,2000,,live,,B,C
2014,II,Naja samarensis,Reptilia,Serpentes,Elapidae,Naja,GB,PH,,,2,live,,B,C
2014,II,Loxodonta africana,Mammalia,Proboscidea,Elephantidae,Loxodonta,CN,ZA,,8,8,feet,,E,W
2014,II,Loxodonta africana,Mammalia,Proboscidea,Elephantidae,Loxodonta,CN,ZA,,4,,specimens,,E,W
2014,II,Loxodonta africana,Mammalia,Proboscidea,Elephantidae,Loxodonta,CN,ZA,,6,6,trophies,,E,W
2014,II,Loxodonta africana,Mammalia,Proboscidea,Elephantidae,Loxodonta,CN,ZA,,,2,tusks,,E,W
2014,II,Equus hemionus,Mammalia,Perissodactyla,Equidae,Equus,DE,CH,FR,1,,live,,B,C
2014,II,Equus hemionus,Mammalia,Perissodactyla,Equidae,Equus,DE,CH,,1,,live,,B,C
2014,II,Equus zebra hartmannae,Mammalia,Perissodactyla,Equidae,Equus,CN,ZA,,1,1,skins,,E,W
2014,II,Caracara plancus,Aves,Falconiformes,Falconidae,Caracara,CN,BE,NL,1,,specimens,,E,C
2014,II,Falco cherrug,Aves,Falconiformes,Falconidae,Falco,AE,KG,,,11,live,,E,F
2014,II,Falco cherrug,Aves,Falconiformes,Falconidae,Falco,AT,AE,CZ,1,1,live,,B,C
2014,II,Falco cherrug,Aves,Falconiformes,Falconidae,Falco,BG,RU,,4,,live,,B,C
2014,II,Falco cherrug,Aves,Falconiformes,Falconidae,Falco,CN,QA,,81,,live,,B,C
2014,II,Falco cherrug,Aves,Falconiformes,Falconidae,Falco,KG,AE,,10,,live,,E,F
2014,II,Falco cherrug,Aves,Falconiformes,Falconidae,Falco,MX,ES,,1,,live,,B,C
2014,II,Falco chicquera,Aves,Falconiformes,Falconidae,Falco,GB,AE,,,2,live,,B,C
2014,II,Falco femoralis,Aves,Falconiformes,Falconidae,Falco,BR,AR,,8,,live,,B,C
2014,II,Polihierax semitorquatus,Aves,Falconiformes,Falconidae,Polihierax,CN,BE,DE,1,,specimens,,E,C
2014,II,Platygyra daedalea,Anthozoa,Scleractinia,Faviidae,Platygyra,MR,AE,,,1,raw corals,,E,W
2014,II,Caracal caracal,Mammalia,Carnivora,Felidae,Caracal,BH,AE,,,4,claws,,E,W
2014,II,Caracal caracal,Mammalia,Carnivora,Felidae,Caracal,BT,AE,XX,2,,claws,,E,W
2014,II,Caracal caracal,Mammalia,Carnivora,Felidae,Caracal,BT,AE,,,2,claws,,E,W
2014,II,Caracal caracal,Mammalia,Carnivora,Felidae,Caracal,CN,ZA,,5,,specimens,,E,W
2014,II,Caracal caracal,Mammalia,Carnivora,Felidae,Caracal,CN,ZA,,,2,trophies,,E,W
2014,II,Caracal caracal,Mammalia,Carnivora,Felidae,Caracal,ET,AE,,,1,claws,,E,W
2014,II,Caracal caracal,Mammalia,Carnivora,Felidae,Caracal,KP,ZA,,,1,live,,B,C
2014,II,Caracal caracal,Mammalia,Carnivora,Felidae,Caracal,MR,AE,,,2,unspecified,,E,W
2014,II,Leptailurus serval,Mammalia,Carnivora,Felidae,Leptailurus,CH,FR,,,1,live,,B,C
2014,II,Leptailurus serval,Mammalia,Carnivora,Felidae,Leptailurus,CN,CA,,2,,live,,B,F
2014,II,Leptailurus serval,Mammalia,Carnivora,Felidae,Leptailurus,CN,ZA,,1,,specimens,,E,W
2014,II,Leptailurus serval,Mammalia,Carnivora,Felidae,Leptailurus,DE,ZA,,,1,live,,B,F
2014,II,Leptailurus serval,Mammalia,Carnivora,Felidae,Leptailurus,RU,ZA,,,2,live,,B,C
2014,II,Lynx canadensis,Mammalia,Carnivora,Felidae,Lynx,CN,XX,,1,,specimens,,E,W
2014,II,Lynx canadensis,Mammalia,Carnivora,Felidae,Lynx,US,CA,,,2,live,,B,F
2014,II,Lynx rufus,Mammalia,Carnivora,Felidae,Lynx,CN,XX,,1,,specimens,,E,W
2014,II,Panthera leo,Mammalia,Carnivora,Felidae,Panthera,AE,ZA,,2,2,live,,B,C
2014,II,Panthera leo,Mammalia,Carnivora,Felidae,Panthera,AU,ZA,,,1,live,,B,C
2014,II,Panthera leo,Mammalia,Carnivora,Felidae,Panthera,BD,ZA,,,2,live,,B,C
2014,II,Panthera leo,Mammalia,Carnivora,Felidae,Panthera,CA,ZA,,,4,live,,B,C
2014,II,Panthera leo,Mammalia,Carnivora,Felidae,Panthera,CN,US,TZ,1,1,trophies,,E,W
2014,II,Panthera leo,Mammalia,Carnivora,Felidae,Panthera,CN,ZA,,8,,specimens,,E,C
2014,II,Panthera leo,Mammalia,Carnivora,Felidae,Panthera,CN,ZA,,7,,specimens,,E,W
2014,II,Panthera leo,Mammalia,Carnivora,Felidae,Panthera,CN,ZA,,4,21,trophies,,E,W
2014,II,Panthera leo,Mammalia,Carnivora,Felidae,Panthera,KP,ZA,,,2,live,,B,C
2014,II,Panthera leo,Mammalia,Carnivora,Felidae,Panthera,MW,BE,FR,,1,live,,E,F
2014,II,Panthera leo,Mammalia,Carnivora,Felidae,Panthera,MY,ZA,,2,2,live,,B,C
2014,II,Panthera leo,Mammalia,Carnivora,Felidae,Panthera,PH,AE,ZA,3,3,live,,B,C
2014,II,Panthera leo,Mammalia,Carnivora,Felidae,Panthera,PH,AE,,1,1,live,,B,F
2014,II,Panthera leo,Mammalia,Carnivora,Felidae,Panthera,PH,ZA,,3,,live,,B,C
2014,II,Panthera leo,Mammalia,Carnivora,Felidae,Panthera,PK,ZA,,,6,live,,B,C
2014,II,Panthera leo,Mammalia,Carnivora,Felidae,Panthera,RU,ZA,,,2,live,,B,C
2014,II,Panthera leo,Mammalia,Carnivora,Felidae,Panthera,TH,ZA,,,7,live,,B,C
2014,II,Panthera leo,Mammalia,Carnivora,Felidae,Panthera,TZ,ZA,,,2,live,,B,C
2014,II,Panthera leo,Mammalia,Carnivora,Felidae,Panthera,US,NL,,1,1,bodies,,E,C
2014,II,Panthera leo,Mammalia,Carnivora,Felidae,Panthera,ZA,BE,,2,,live,,E,C
2014,II,Panthera leo,Mammalia,Carnivora,Felidae,Panthera,ZA,ES,XX,,2,live,,E,I
2014,II,Panthera leo,Mammalia,Carnivora,Felidae,Panthera,ZA,ES,,2,,live,,B,F
2014,II,Panthera leo,Mammalia,Carnivora,Felidae,Panthera,ZA,NL,CH,,3,live,,E,C
2014,II,Panthera leo,Mammalia,Carnivora,Felidae,Panthera,ZA,NL,DE,,2,live,,E,F
2014,II,Panthera leo,Mammalia,Carnivora,Felidae,Panthera,ZA,NL,RO,,1,live,,E,F
2014,II,Panthera leo,Mammalia,Carnivora,Felidae,Panthera,ZW,ZA,,,4,live,,B,C
2014,II,Prionailurus bengalensis,Mammalia,Carnivora,Felidae,Prionailurus,US,ID,,1,,skulls,,E,I
2014,II,Puma concolor,Mammalia,Carnivora,Felidae,Puma,CN,XX,,2,,specimens,,E,W
2014,II,Puma yagouaroundi,Mammalia,Carnivora,Felidae,Puma,DE,BR,,2,,live,,B,F
2014,II,Fungia fungites,Anthozoa,Scleractinia,Fungiidae,Fungia,BT,AE,XX,1,1,raw corals,,E,W
2014,II,Fungia granulosa,Anthozoa,Scleractinia,Fungiidae,Fungia,SG,AU,,10,,live,,E,W
2014,II,Fungia repanda,Anthozoa,Scleractinia,Fungiidae,Fungia,BH,AE,XX,,1,raw corals,,E,W
2014,II,Fungia repanda,Anthozoa,Scleractinia,Fungiidae,Fungia,MR,AE,XX,,1,raw corals,,E,W
2014,II,Uroplatus fimbriatus,Reptilia,Sauria,Gekkonidae,Uroplatus,CH,DE,,,6,live,,B,C
2014,II,Cuora mccordi,Reptilia,Testudines,Geoemydidae,Cuora,CN,DE,,,14,live,,B,F
2014,II,Cuora trifasciata,Reptilia,Testudines,Geoemydidae,Cuora,DE,CN,,1,,live,,B,F
2014,II,Cuora trifasciata,Reptilia,Testudines,Geoemydidae,Cuora,DE,HK,XX,,3,live,,B,F
2014,II,Heosemys annandalii,Reptilia,Testudines,Geoemydidae,Heosemys,CZ,HK,XX,1,,live,,E,I
2014,II,Heosemys annandalii,Reptilia,Testudines,Geoemydidae,Heosemys,CZ,HK,XX,1,,live,,E,U
2014,II,Leucocephalon yuwonoi,Reptilia,Testudines,Geoemydidae,Leucocephalon,PH,ID,,3,,live,,B,F
2014,II,Siebenrockiella leytensis,Reptilia,Testudines,Geoemydidae,Siebenrockiella,GB,PH,,,8,live,,B,C
2014,II,Anthropoides paradiseus,Aves,Gruiformes,Gruidae,Anthropoides,KR,NL,,2,,live,,B,C
2014,II,Anthropoides virgo,Aves,Gruiformes,Gruidae,Anthropoides,KR,NL,,4,,live,,B,C
2014,II,Balearica regulorum,Aves,Gruiformes,Gruidae,Balearica,CN,NL,,50,,live,,B,C
2014,II,Grus antigone,Aves,Gruiformes,Gruidae,Grus,KR,NL,,2,,live,,B,C
2014,II,Grus grus,Aves,Gruiformes,Gruidae,Grus,KR,NL,DE,2,,live,,B,C
2014,II,Hippopotamus amphibius,Mammalia,Artiodactyla,Hippopotamidae,Hippopotamus,CN,ZA,,4,,specimens,,E,W
2014,II,Hippopotamus amphibius,Mammalia,Artiodactyla,Hippopotamidae,Hippopotamus,CN,ZA,,1,3,trophies,,E,W
2014,II,Hippopotamus amphibius,Mammalia,Artiodactyla,Hippopotamidae,Hippopotamus,NA,ZA,,24,,live,,B,W
2014,II,Iguana iguana,Reptilia,Sauria,Iguanidae,Iguana,PH,GY,,20,,live,,B,W
2014,II,Iguana iguana,Reptilia,Sauria,Iguanidae,Iguana,PH,US,SV,200,,live,,B,C
2014,II,Caesalpinia echinata,,Fabales,Leguminosae,Caesalpinia,CH,DE,XX,,6,sawn wood,,E,I
2014,II,Dalbergia cochinchinensis,,Fabales,Leguminosae,Dalbergia,CH,DE,XX,,6,sawn wood,,E,I
2014,II,Chalcopsitta atra,Aves,Psittaciformes,Loriidae,Chalcopsitta,GR,PH,,,4,live,,B,C
2014,II,Chalcopsitta atra,Aves,Psittaciformes,Loriidae,Chalcopsitta,LK,TH,,2,,live,,B,C
2014,II,Chalcopsitta sintillata,Aves,Psittaciformes,Loriidae,Chalcopsitta,LK,TH,,4,,live,,B,C
2014,II,Eos reticulata,Aves,Psittaciformes,Loriidae,Eos,LK,TH,,10,,live,,B,C
2014,II,Eos rubra,Aves,Psittaciformes,Loriidae,Eos,LK,TH,,22,,live,,B,C
2014,II,Lorius garrulus,Aves,Psittaciformes,Loriidae,Lorius,LK,TH,,4,,live,,B,C
2014,II,Trichoglossus spp.,Aves,Psittaciformes,Loriidae,Trichoglossus,AU,PG,,,2,feathers,,E,W
2014,II,Trichoglossus haematodus,Aves,Psittaciformes,Loriidae,Trichoglossus,LK,TH,,14,,live,,B,C
2014,II,Trichoglossus haematodus,Aves,Psittaciformes,Loriidae,Trichoglossus,US,PG,,,3,feathers,,E,W
2014,II,Dendrolagus spp.,Mammalia,Diprotodontia,Macropodidae,Dendrolagus,AU,PG,,,2,skins,,E,W
2014,II,Manis temminckii,Mammalia,Pholidota,Manidae,Manis,CN,ZA,,,2,bodies,,E,W
2014,II,Manis temminckii,Mammalia,Pholidota,Manidae,Manis,CN,ZA,,1,,trophies,,E,W
2014,II,Mantella aurantiaca,Amphibia,Anura,Mantellidae,Mantella,FR,CA,,8,,live,,B,C
2014,II,Mantella expectata,Amphibia,Anura,Mantellidae,Mantella,FR,CA,,5,,live,,B,C
2014,II,Mantella madagascariensis,Amphibia,Anura,Mantellidae,Mantella,FR,CA,,18,,live,,B,C
2014,II,Mantella pulchra,Amphibia,Anura,Mantellidae,Mantella,FR,CA,,8,,live,,B,C
2014,II,Swietenia macrophylla,,Sapindales,Meliaceae,Swietenia,CN,DE,XX,,30,sawn wood,,E,I
2014,II,Delphinapterus leucas,Mammalia,Cetacea,Monodontidae,Delphinapterus,CN,RU,,2,,live,,B,W
2014,II,Monodon monoceros,Mammalia,Cetacea,Monodontidae,Monodon,CN,CA,,1,,bones,,E,W
2014,II,Monodon monoceros,Mammalia,Cetacea,Monodontidae,Monodon,CZ,CA,,1,1,tusks,,E,W
2014,II,Tauraco corythaix,Aves,Cuculiformes,Musophagidae,Tauraco,BE,ZA,,,9,live,,B,C
2014,II,Tauraco erythrolophus,Aves,Cuculiformes,Musophagidae,Tauraco,ZA,BE,,6,,live,,B,C
2014,II,Tauraco leucolophus,Aves,Cuculiformes,Musophagidae,Tauraco,ZA,BE,,4,,live,,B,C
2014,II,Tauraco leucotis,Aves,Cuculiformes,Musophagidae,Tauraco,LK,TH,,4,,live,,B,C
2014,II,Tauraco leucotis,Aves,Cuculiformes,Musophagidae,Tauraco,ZA,BE,,2,,live,,B,C
2014,II,Tauraco schalowi,Aves,Cuculiformes,Musophagidae,Tauraco,ZA,BE,,4,,live,,B,C
2014,II,Acanthastrea lordhowensis,Anthozoa,Scleractinia,Mussidae,Acanthastrea,NL,AU,,25,,live,,B,W
2014,II,Blastomussa wellsi,Anthozoa,Scleractinia,Mussidae,Blastomussa,SG,AU,,5,,live,,E,W
2014,II,Scolymia australis,Anthozoa,Scleractinia,Mussidae,Scolymia,SG,AU,,5,,live,,E,W
2014,II,Enhydra lutris,Mammalia,Carnivora,Mustelidae,Enhydra,DK,US,,3,,live,,E,W
2014,II,Lontra canadensis,Mammalia,Carnivora,Mustelidae,Lontra,CN,XX,,1,,specimens,,E,W
2014,II,Arctocephalus pusillus,Mammalia,Carnivora,Otariidae,Arctocephalus,AE,DE,,3,,live,,B,C
2014,II,Ornithoptera spp.,Insecta,Lepidoptera,Papilionidae,Ornithoptera,US,AU,,29,,bodies,,E,I
2014,II,Ornithoptera priamus,Insecta,Lepidoptera,Papilionidae,Ornithoptera,US,AU,,2,,bodies,,E,I
2014,II,Ornithoptera priamus,Insecta,Lepidoptera,Papilionidae,Ornithoptera,US,AU,,145,,live,,E,C
2014,II,Ornithoptera priamus richmondia,Insecta,Lepidoptera,Papilionidae,Ornithoptera,US,AU,,3,,bodies,,E,I
2014,II,Parnassius apollo,Insecta,Lepidoptera,Papilionidae,Parnassius,US,AU,,12,,bodies,,E,I
2014,II,Trogonoptera spp.,Insecta,Lepidoptera,Papilionidae,Trogonoptera,US,AU,,4,,bodies,,E,I
2014,II,Troides spp.,Insecta,Lepidoptera,Papilionidae,Troides,US,AU,,15,,bodies,,E,I
2014,II,Troides amphrysus,Insecta,Lepidoptera,Papilionidae,Troides,US,AU,,3,,bodies,,E,I
2014,II,Troides helena,Insecta,Lepidoptera,Papilionidae,Troides,US,AU,,10,,bodies,,E,I
2014,II,Astrapia mayeri,Aves,Passeriformes,Paradisaeidae,Astrapia,AU,PG,,,2,feathers,,E,W
2014,II,Astrapia stephaniae,Aves,Passeriformes,Paradisaeidae,Astrapia,AU,PG,,,2,feathers,,E,W
2014,II,Cicinnurus regius,Aves,Passeriformes,Paradisaeidae,Cicinnurus,AU,PG,,,2,feathers,,E,W
2014,II,Lophorina superba,Aves,Passeriformes,Paradisaeidae,Lophorina,AU,PG,,,1,feathers,,E,W
2014,II,Paradisaea minor,Aves,Passeriformes,Paradisaeidae,Paradisaea,AU,PG,,,2,feathers,,E,W
2014,II,Paradisaea minor,Aves,Passeriformes,Paradisaeidae,Paradisaea,US,QA,,,1,live,,B,F
2014,II,Paradisaea raggiana,Aves,Passeriformes,Paradisaeidae,Paradisaea,AU,PG,,,5,feathers,,E,W
2014,II,Parotia spp.,Aves,Passeriformes,Paradisaeidae,Parotia,AU,PG,,,1,feathers,,E,W
2014,II,Parotia sefilata,Aves,Passeriformes,Paradisaeidae,Parotia,AU,PG,XX,,2,feathers,,E,W
2014,II,Pteridophora alberti,Aves,Passeriformes,Paradisaeidae,Pteridophora,AU,PG,,,2,feathers,,E,W
2014,II,Argusianus argus,Aves,Galliformes,Phasianidae,Argusianus,ZA,BE,,5,,live,,B,C
2014,II,Pavo muticus,Aves,Galliformes,Phasianidae,Pavo,LK,TH,,4,,live,,B,C
2014,II,Pavo muticus,Aves,Galliformes,Phasianidae,Pavo,ZA,BE,,6,,live,,B,C
2014,II,Polyplectron malacense,Aves,Galliformes,Phasianidae,Polyplectron,ZA,BE,,3,,live,,B,C
2014,II,Phocoena phocoena,Mammalia,Cetacea,Phocoenidae,Phocoena,FR,AU,FR,1,,specimens,,E,W
2014,II,Pocillopora spp.,Anthozoa,Scleractinia,Pocilloporidae,Pocillopora,BR,ID,,20,,live,,B,F
2014,II,Pocillopora spp.,Anthozoa,Scleractinia,Pocilloporidae,Pocillopora,MR,AE,,,1,raw corals,,E,W
2014,II,Seriatopora spp.,Anthozoa,Scleractinia,Pocilloporidae,Seriatopora,BR,ID,,60,,live,,B,F
2014,II,Podocnemis unifilis,Reptilia,Testudines,Podocnemididae,Podocnemis,KR,HK,,1,,live,,E,F
2014,II,Agapornis fischeri,Aves,Psittaciformes,Psittacidae,Agapornis,PH,BE,,14,,live,,B,C
2014,II,Agapornis fischeri,Aves,Psittaciformes,Psittacidae,Agapornis,PH,NL,,50,,live,,B,C
2014,II,Agapornis fischeri,Aves,Psittaciformes,Psittacidae,Agapornis,PH,US,,370,,live,,B,C
2014,II,Agapornis fischeri,Aves,Psittaciformes,Psittacidae,Agapornis,PH,US,,50,,live,,B,F
2014,II,Agapornis nigrigenis,Aves,Psittaciformes,Psittacidae,Agapornis,ZA,BE,,,40,live,,B,C
2014,II,Agapornis personatus,Aves,Psittaciformes,Psittacidae,Agapornis,AO,NA,,,30,live,,B,C
2014,II,Agapornis personatus,Aves,Psittaciformes,Psittacidae,Agapornis,PH,BE,,69,,live,,B,C
2014,II,Alisterus scapularis,Aves,Psittaciformes,Psittacidae,Alisterus,CN,TH,NL,60,,live,,B,C
2014,II,Alisterus scapularis,Aves,Psittaciformes,Psittacidae,Alisterus,PH,BE,,10,,live,,B,C
2014,II,Amazona aestiva,Aves,Psittaciformes,Psittacidae,Amazona,DE,US,,2,,live,,B,F
2014,II,Amazona aestiva,Aves,Psittaciformes,Psittacidae,Amazona,PH,CH,,3,,live,,B,C
2014,II,Amazona aestiva,Aves,Psittaciformes,Psittacidae,Amazona,PH,FR,,1,,live,,B,C
2014,II,Amazona aestiva,Aves,Psittaciformes,Psittacidae,Amazona,PH,NO,,4,,live,,B,C
2014,II,Amazona aestiva,Aves,Psittaciformes,Psittacidae,Amazona,PH,US,,3,,live,,B,F
2014,II,Amazona albifrons,Aves,Psittaciformes,Psittacidae,Amazona,LK,TH,,12,,live,,B,C
2014,II,Amazona amazonica,Aves,Psittaciformes,Psittacidae,Amazona,CN,GY,,160,,live,,B,W
2014,II,Amazona amazonica,Aves,Psittaciformes,Psittacidae,Amazona,CN,SR,,150,,live,,B,W
2014,II,Amazona amazonica,Aves,Psittaciformes,Psittacidae,Amazona,DE,US,,1,,live,,B,F
2014,II,Amazona amazonica,Aves,Psittaciformes,Psittacidae,Amazona,RU,SR,,,40,live,,B,W
2014,II,Amazona autumnalis,Aves,Psittaciformes,Psittacidae,Amazona,PH,FR,,2,,live,,B,C
2014,II,Amazona dufresniana,Aves,Psittaciformes,Psittacidae,Amazona,KW,SR,,,48,live,,B,W
2014,II,Amazona dufresniana,Aves,Psittaciformes,Psittacidae,Amazona,PH,GY,,11,,live,,B,W
2014,II,Amazona farinosa,Aves,Psittaciformes,Psittacidae,Amazona,KW,SR,,,48,live,,B,W
2014,II,Amazona farinosa,Aves,Psittaciformes,Psittacidae,Amazona,PH,FR,,6,,live,,B,C
2014,II,Amazona farinosa,Aves,Psittaciformes,Psittacidae,Amazona,PH,GY,,9,,live,,B,W
2014,II,Amazona farinosa,Aves,Psittaciformes,Psittacidae,Amazona,RU,SR,,,15,live,,B,W
2014,II,Amazona festiva,Aves,Psittaciformes,Psittacidae,Amazona,PH,GY,,7,,live,,B,W
2014,II,Amazona ochrocephala,Aves,Psittaciformes,Psittacidae,Amazona,KW,SR,,,12,live,,B,W
2014,II,Amazona ochrocephala,Aves,Psittaciformes,Psittacidae,Amazona,PH,GY,,71,,live,,B,W
2014,II,Amazona ochrocephala,Aves,Psittaciformes,Psittacidae,Amazona,RU,SR,,,25,live,,B,W
2014,II,Amazona ochrocephala,Aves,Psittaciformes,Psittacidae,Amazona,SG,SR,,,103,live,,B,W
2014,II,Amazona ochrocephala,Aves,Psittaciformes,Psittacidae,Amazona,TH,SR,,30,86,live,,B,W
2014,II,Amazona xantholora,Aves,Psittaciformes,Psittacidae,Amazona,PH,CZ,,2,,live,,B,C
2014,II,Amazona xantholora,Aves,Psittaciformes,Psittacidae,Amazona,PH,FR,,2,,live,,B,C
2014,II,Amazona xanthops,Aves,Psittaciformes,Psittacidae,Amazona,PH,FR,,2,,live,,B,C
2014,II,Aprosmictus erythropterus,Aves,Psittaciformes,Psittacidae,Aprosmictus,PH,BE,,10,,live,,B,C
2014,II,Ara ararauna,Aves,Psittaciformes,Psittacidae,Ara,BH,AE,,,4,live,,B,F
2014,II,Ara ararauna,Aves,Psittaciformes,Psittacidae,Ara,CN,GY,,18,,live,,B,W
2014,II,Ara ararauna,Aves,Psittaciformes,Psittacidae,Ara,CN,SR,,30,,live,,B,W
2014,II,Ara ararauna,Aves,Psittaciformes,Psittacidae,Ara,LK,TH,,6,,live,,B,C
2014,II,Ara ararauna,Aves,Psittaciformes,Psittacidae,Ara,PH,GY,,47,,live,,B,W
2014,II,Ara ararauna,Aves,Psittaciformes,Psittacidae,Ara,PH,US,,12,,live,,B,F
2014,II,Ara ararauna,Aves,Psittaciformes,Psittacidae,Ara,QA,AE,,,4,live,,B,F
2014,II,Ara ararauna,Aves,Psittaciformes,Psittacidae,Ara,RU,SR,,,16,live,,B,W
2014,II,Ara ararauna,Aves,Psittaciformes,Psittacidae,Ara,SG,SR,,,11,live,,B,W
2014,II,Ara ararauna,Aves,Psittaciformes,Psittacidae,Ara,TH,GY,,23,,live,,B,W
2014,II,Ara ararauna,Aves,Psittaciformes,Psittacidae,Ara,TH,SR,,108,137,live,,B,W
2014,II,Ara ararauna,Aves,Psittaciformes,Psittacidae,Ara,TW,US,,,2,live,,B,C
2014,II,Ara ararauna,Aves,Psittaciformes,Psittacidae,Ara,US,FR,PE,1,,feathers,,E,W
2014,II,Ara chloropterus,Aves,Psittaciformes,Psittacidae,Ara,CN,GY,,60,,live,,B,W
2014,II,Ara chloropterus,Aves,Psittaciformes,Psittacidae,Ara,CN,SR,,18,,live,,B,W
2014,II,Ara chloropterus,Aves,Psittaciformes,Psittacidae,Ara,LK,TH,,4,,live,,B,C
2014,II,Ara chloropterus,Aves,Psittaciformes,Psittacidae,Ara,OM,ZA,,,4,live,,B,C
2014,II,Ara chloropterus,Aves,Psittaciformes,Psittacidae,Ara,PH,GY,,12,,live,,B,W
2014,II,Ara chloropterus,Aves,Psittaciformes,Psittacidae,Ara,PH,US,,4,,live,,B,F
2014,II,Ara chloropterus,Aves,Psittaciformes,Psittacidae,Ara,RU,SR,,,8,live,,B,W
2014,II,Ara chloropterus,Aves,Psittaciformes,Psittacidae,Ara,SG,SR,,,23,live,,B,W
2014,II,Ara chloropterus,Aves,Psittaciformes,Psittacidae,Ara,TH,GY,,29,,live,,B,W
2014,II,Ara chloropterus,Aves,Psittaciformes,Psittacidae,Ara,TH,SR,,17,41,live,,B,W
2014,II,Ara chloropterus,Aves,Psittaciformes,Psittacidae,Ara,TW,US,,,6,live,,B,C
2014,II,Ara chloropterus,Aves,Psittaciformes,Psittacidae,Ara,US,FR,PE,1,,feathers,,E,W
2014,II,Ara hybrid,Aves,Psittaciformes,Psittacidae,Ara,TW,US,,,8,live,,B,C
2014,II,Ara severus,Aves,Psittaciformes,Psittacidae,Ara,DO,SR,,,5,live,,B,W
2014,II,Ara severus,Aves,Psittaciformes,Psittacidae,Ara,LK,TH,,8,,live,,B,C
2014,II,Ara severus,Aves,Psittaciformes,Psittacidae,Ara,PH,SG,,24,,live,,B,C
2014,II,Ara severus,Aves,Psittaciformes,Psittacidae,Ara,SG,SR,,,41,live,,B,W
2014,II,Ara severus,Aves,Psittaciformes,Psittacidae,Ara,TH,SR,,,9,live,,B,W
2014,II,Aratinga aurea,Aves,Psittaciformes,Psittacidae,Aratinga,PH,CZ,,15,,live,,B,C
2014,II,Aratinga auricapillus,Aves,Psittaciformes,Psittacidae,Aratinga,PH,CZ,,16,,live,,B,C
2014,II,Aratinga jandaya,Aves,Psittaciformes,Psittacidae,Aratinga,PH,CZ,,21,,live,,B,C
2014,II,Aratinga jandaya,Aves,Psittaciformes,Psittacidae,Aratinga,PH,SG,,6,,live,,B,C
2014,II,Aratinga solstitialis,Aves,Psittaciformes,Psittacidae,Aratinga,OM,ZA,,,40,live,,B,C
2014,II,Aratinga solstitialis,Aves,Psittaciformes,Psittacidae,Aratinga,PH,CH,,10,,live,,B,C
2014,II,Aratinga solstitialis,Aves,Psittaciformes,Psittacidae,Aratinga,PH,CZ,,18,,live,,B,C
2014,II,Aratinga solstitialis,Aves,Psittaciformes,Psittacidae,Aratinga,PH,SG,,4,,live,,B,C
2014,II,Aratinga solstitialis,Aves,Psittaciformes,Psittacidae,Aratinga,PH,US,,,6,live,,B,C
2014,II,Aratinga solstitialis,Aves,Psittaciformes,Psittacidae,Aratinga,PH,US,,13,,live,,B,F
2014,II,Aratinga weddellii,Aves,Psittaciformes,Psittacidae,Aratinga,PH,CZ,,6,,live,,B,C
2014,II,Barnardius zonarius,Aves,Psittaciformes,Psittacidae,Barnardius,PH,BE,,32,,live,,B,C
2014,II,Brotogeris chrysoptera,Aves,Psittaciformes,Psittacidae,Brotogeris,KW,SR,,,30,live,,B,W
2014,II,Deroptyus accipitrinus,Aves,Psittaciformes,Psittacidae,Deroptyus,PH,GY,,12,,live,,B,W
2014,II,Deroptyus accipitrinus,Aves,Psittaciformes,Psittacidae,Deroptyus,RU,SR,,,10,live,,B,W
2014,II,Deroptyus accipitrinus,Aves,Psittaciformes,Psittacidae,Deroptyus,SG,SR,,,12,live,,B,W
2014,II,Deroptyus accipitrinus,Aves,Psittaciformes,Psittacidae,Deroptyus,TH,SR,,,28,live,,B,W
2014,II,Diopsittaca nobilis,Aves,Psittaciformes,Psittacidae,Diopsittaca,DO,SR,,,5,live,,B,W
2014,II,Diopsittaca nobilis,Aves,Psittaciformes,Psittacidae,Diopsittaca,PH,GY,,24,,live,,B,W
2014,II,Diopsittaca nobilis,Aves,Psittaciformes,Psittacidae,Diopsittaca,SG,SR,,,12,live,,B,W
2014,II,Diopsittaca nobilis,Aves,Psittaciformes,Psittacidae,Diopsittaca,TH,SR,,,8,live,,B,W
2014,II,Eclectus roratus,Aves,Psittaciformes,Psittacidae,Eclectus,US,PG,,,3,feathers,,E,W
2014,II,Forpus coelestis,Aves,Psittaciformes,Psittacidae,Forpus,PH,BE,,10,,live,,B,C
2014,II,Forpus coelestis,Aves,Psittaciformes,Psittacidae,Forpus,PH,US,,30,,live,,B,C
2014,II,Forpus cyanopygius,Aves,Psittaciformes,Psittacidae,Forpus,PH,BE,,8,,live,,B,C
2014,II,Forpus xanthops,Aves,Psittaciformes,Psittacidae,Forpus,PH,BE,,6,,live,,B,C
2014,II,Myiopsitta monachus,Aves,Psittaciformes,Psittacidae,Myiopsitta,PH,BE,,70,,live,,B,C
2014,II,Nandayus nenday,Aves,Psittaciformes,Psittacidae,Nandayus,PH,CZ,,8,,live,,B,C
2014,II,Neophema elegans,Aves,Psittaciformes,Psittacidae,Neophema,PH,BE,,40,,live,,B,C
2014,II,Neophema elegans,Aves,Psittaciformes,Psittacidae,Neophema,PH,NL,,30,,live,,B,C
2014,II,Neophema elegans,Aves,Psittaciformes,Psittacidae,Neophema,PH,US,,2,,live,,B,C
2014,II,Neophema pulchella,Aves,Psittaciformes,Psittacidae,Neophema,PH,BE,,80,,live,,B,C
2014,II,Neopsephotus bourkii,Aves,Psittaciformes,Psittacidae,Neopsephotus,PH,BE,,100,,live,,B,C
2014,II,Orthopsittaca manilata,Aves,Psittaciformes,Psittacidae,Orthopsittaca,PH,GY,,21,,live,,B,W
2014,II,Orthopsittaca manilata,Aves,Psittaciformes,Psittacidae,Orthopsittaca,RU,SR,,,13,live,,B,W
2014,II,Pionites leucogaster,Aves,Psittaciformes,Psittacidae,Pionites,PH,CH,,6,,live,,B,C
2014,II,Pionites leucogaster,Aves,Psittaciformes,Psittacidae,Pionites,PH,SG,NL,40,,live,,B,C
2014,II,Pionites leucogaster,Aves,Psittaciformes,Psittacidae,Pionites,PH,SG,,40,,live,,B,C
2014,II,Pionites leucogaster,Aves,Psittaciformes,Psittacidae,Pionites,PH,US,,2,,live,,B,F
2014,II,Pionites melanocephalus,Aves,Psittaciformes,Psittacidae,Pionites,PH,GY,,36,,live,,B,W
2014,II,Pionites melanocephalus,Aves,Psittaciformes,Psittacidae,Pionites,PH,SG,,2,,live,,B,C
2014,II,Pionites melanocephalus,Aves,Psittaciformes,Psittacidae,Pionites,TH,SR,,148,322,live,,B,W
2014,II,Pionus chalcopterus,Aves,Psittaciformes,Psittacidae,Pionus,PH,US,,2,,live,,B,F
2014,II,Pionus fuscus,Aves,Psittaciformes,Psittacidae,Pionus,PH,GY,,27,,live,,B,W
2014,II,Pionus fuscus,Aves,Psittaciformes,Psittacidae,Pionus,RU,SR,,,10,live,,B,W
2014,II,Pionus menstruus,Aves,Psittaciformes,Psittacidae,Pionus,PH,GY,,51,,live,,B,W
2014,II,Pionus menstruus,Aves,Psittaciformes,Psittacidae,Pionus,PH,US,,4,,live,,B,F
2014,II,Pionus menstruus,Aves,Psittaciformes,Psittacidae,Pionus,RU,SR,,,20,live,,B,W
2014,II,Pionus menstruus,Aves,Psittaciformes,Psittacidae,Pionus,TH,SR,,,25,live,,B,W
2014,II,Pionus senilis,Aves,Psittaciformes,Psittacidae,Pionus,PH,US,,7,,live,,B,F
2014,II,Platycercus adscitus,Aves,Psittaciformes,Psittacidae,Platycercus,PH,US,,4,,live,,B,C
2014,II,Platycercus caledonicus,Aves,Psittaciformes,Psittacidae,Platycercus,PH,NL,,20,,live,,B,C
2014,II,Platycercus elegans,Aves,Psittaciformes,Psittacidae,Platycercus,BR,PT,BE,,39,live,,B,C
2014,II,Platycercus elegans,Aves,Psittaciformes,Psittacidae,Platycercus,PH,BE,,30,,live,,B,C
2014,II,Platycercus elegans,Aves,Psittaciformes,Psittacidae,Platycercus,PH,NL,,85,,live,,B,C
2014,II,Platycercus elegans,Aves,Psittaciformes,Psittacidae,Platycercus,PH,US,,4,,live,,B,C
2014,II,Platycercus elegans,Aves,Psittaciformes,Psittacidae,Platycercus,UA,SK,,,20,live,,B,C
2014,II,Platycercus elegans,Aves,Psittaciformes,Psittacidae,Platycercus,ZA,BE,,30,,live,,B,C
2014,II,Platycercus eximius,Aves,Psittaciformes,Psittacidae,Platycercus,BR,PT,,20,,live,,B,C
2014,II,Platycercus eximius,Aves,Psittaciformes,Psittacidae,Platycercus,PH,NL,,30,,live,,B,C
2014,II,Platycercus eximius,Aves,Psittaciformes,Psittacidae,Platycercus,PH,US,,4,,live,,B,C
2014,II,Platycercus icterotis,Aves,Psittaciformes,Psittacidae,Platycercus,PH,US,,4,,live,,B,C
2014,II,Platycercus venustus,Aves,Psittaciformes,Psittacidae,Platycercus,PH,NL,,6,,live,,B,C
2014,II,Poicephalus cryptoxanthus,Aves,Psittaciformes,Psittacidae,Poicephalus,SZ,ZA,,,15,live,,B,C
2014,II,Poicephalus meyeri,Aves,Psittaciformes,Psittacidae,Poicephalus,PH,US,,6,,live,,B,F
2014,II,Poicephalus robustus,Aves,Psittaciformes,Psittacidae,Poicephalus,PH,SG,,4,,live,,B,C
2014,II,Poicephalus rueppellii,Aves,Psittaciformes,Psittacidae,Poicephalus,PH,US,,4,,live,,B,F
2014,II,Poicephalus rufiventris,Aves,Psittaciformes,Psittacidae,Poicephalus,PH,US,,6,,live,,B,F
2014,II,Poicephalus senegalus,Aves,Psittaciformes,Psittacidae,Poicephalus,BR,PT,XX,4,,live,,B,W
2014,II,Poicephalus senegalus,Aves,Psittaciformes,Psittacidae,Poicephalus,PH,SG,,6,,live,,B,C
2014,II,Polytelis alexandrae,Aves,Psittaciformes,Psittacidae,Polytelis,PH,BE,,20,,live,,B,C
2014,II,Polytelis alexandrae,Aves,Psittaciformes,Psittacidae,Polytelis,PH,US,,2,,live,,B,C
2014,II,Polytelis alexandrae,Aves,Psittaciformes,Psittacidae,Polytelis,ZA,BE,,14,,live,,B,C
2014,II,Polytelis anthopeplus,Aves,Psittaciformes,Psittacidae,Polytelis,PH,BE,,10,,live,,B,C
2014,II,Polytelis swainsonii,Aves,Psittaciformes,Psittacidae,Polytelis,AO,NA,,,2,live,,B,C
2014,II,Primolius auricollis,Aves,Psittaciformes,Psittacidae,Primolius,CH,FR,,,2,live,,B,C
2014,II,Primolius auricollis,Aves,Psittaciformes,Psittacidae,Primolius,OM,ZA,,,10,live,,B,C
2014,II,Primolius auricollis,Aves,Psittaciformes,Psittacidae,Primolius,PH,SG,,20,,live,,B,C
2014,II,Primolius auricollis,Aves,Psittaciformes,Psittacidae,Primolius,TW,US,,,4,live,,B,C
2014,II,Psephotus haematonotus,Aves,Psittaciformes,Psittacidae,Psephotus,PH,BE,,150,,live,,B,C
2014,II,Psephotus haematonotus,Aves,Psittaciformes,Psittacidae,Psephotus,PH,NL,,40,,live,,B,C
2014,II,Psephotus varius,Aves,Psittaciformes,Psittacidae,Psephotus,PH,NL,,10,,live,,B,C
2014,II,Psephotus varius,Aves,Psittaciformes,Psittacidae,Psephotus,PH,US,,6,,live,,B,C
2014,II,Psittacidae spp.,Aves,Psittaciformes,Psittacidae,,ES,MX,,,1,feathers,,E,W
2014,II,Psittacula alexandri,Aves,Psittaciformes,Psittacidae,Psittacula,PH,BE,,10,,live,,B,C
2014,II,Psittacula cyanocephala,Aves,Psittaciformes,Psittacidae,Psittacula,AE,BE,,18,,live,,B,C
2014,II,Psittacula cyanocephala,Aves,Psittaciformes,Psittacidae,Psittacula,ZA,BE,,14,,live,,B,C
2014,II,Psittacula derbiana,Aves,Psittaciformes,Psittacidae,Psittacula,PH,BE,,10,,live,,B,C
2014,II,Psittacula eupatria,Aves,Psittaciformes,Psittacidae,Psittacula,AE,BE,,1,,live,,B,C
2014,II,Psittacula eupatria,Aves,Psittaciformes,Psittacidae,Psittacula,PH,US,,2,,live,,B,C
2014,II,Psittacula eupatria,Aves,Psittaciformes,Psittacidae,Psittacula,UA,SK,,,3,live,,B,C
2014,II,Psittacula eupatria,Aves,Psittaciformes,Psittacidae,Psittacula,ZA,BE,,10,,live,,B,C
2014,II,Psittacus erithacus,Aves,Psittaciformes,Psittacidae,Psittacus,BH,AE,,,200,live,,B,F
2014,II,Psittacus erithacus,Aves,Psittaciformes,Psittacidae,Psittacus,BR,PT,XX,7,,live,,B,W
2014,II,Psittacus erithacus,Aves,Psittaciformes,Psittacidae,Psittacus,BR,PT,,25,,live,,B,C
2014,II,Psittacus erithacus,Aves,Psittaciformes,Psittacidae,Psittacus,LK,TH,,6,,live,,B,C
2014,II,Psittacus erithacus,Aves,Psittaciformes,Psittacidae,Psittacus,PH,SG,ZA,47,,live,,B,C
2014,II,Psittacus erithacus,Aves,Psittaciformes,Psittacidae,Psittacus,PH,SG,,81,,live,,B,C
2014,II,Psittacus erithacus,Aves,Psittaciformes,Psittacidae,Psittacus,PH,US,,4,,live,,B,C
2014,II,Psittacus erithacus,Aves,Psittaciformes,Psittacidae,Psittacus,PH,US,,4,,live,,B,F
2014,II,Psittacus erithacus,Aves,Psittaciformes,Psittacidae,Psittacus,QA,AE,,,200,live,,B,F
2014,II,Psittacus erithacus,Aves,Psittaciformes,Psittacidae,Psittacus,RU,BY,,,3,live,,B,C
2014,II,Psittacus erithacus,Aves,Psittaciformes,Psittacidae,Psittacus,TH,CG,,200,,live,,B,W
2014,II,Psittacus erithacus,Aves,Psittaciformes,Psittacidae,Psittacus,ZA,GH,OM,,1,live,,G,C
2014,II,Psittacus erithacus timneh,Aves,Psittaciformes,Psittacidae,Psittacus,PH,US,,4,,live,,B,F
2014,II,Pyrrhura leucotis,Aves,Psittaciformes,Psittacidae,Pyrrhura,PH,US,,6,,live,,B,F
2014,II,Pyrrhura leucotis,Aves,Psittaciformes,Psittacidae,Pyrrhura,TW,US,,,1,live,,B,C
2014,II,Pyrrhura molinae,Aves,Psittaciformes,Psittacidae,Pyrrhura,CH,FR,,,4,live,,B,C
2014,II,Pyrrhura molinae,Aves,Psittaciformes,Psittacidae,Pyrrhura,PH,US,,,6,live,,B,C
2014,II,Pyrrhura molinae,Aves,Psittaciformes,Psittacidae,Pyrrhura,PH,US,,103,,live,,B,F
2014,II,Tanygnathus lucionensis,Aves,Psittaciformes,Psittacidae,Tanygnathus,GR,PH,,,8,live,,B,C
2014,II,Liasis olivaceus,Reptilia,Serpentes,Pythonidae,Liasis,DK,CA,,4,,live,,B,R
2014,II,Python bivittatus,Reptilia,Serpentes,Pythonidae,Python,PH,TW,,8,,live,,B,C
2014,II,Python curtus,Reptilia,Serpentes,Pythonidae,Python,PH,US,,10,,live,,B,C
2014,II,Python regius,Reptilia,Serpentes,Pythonidae,Python,PH,CA,,30,,live,,B,C
2014,II,Python regius,Reptilia,Serpentes,Pythonidae,Python,PH,US,,120,,live,,B,C
2014,II,Python regius,Reptilia,Serpentes,Pythonidae,Python,RU,DE,,,9,skins,,E,C
2014,II,Python regius,Reptilia,Serpentes,Pythonidae,Python,US,CA,,,9,live,,B,C
2014,II,Python regius,Reptilia,Serpentes,Pythonidae,Python,ZA,US,,78,,live,,B,C
2014,II,Python reticulatus,Reptilia,Serpentes,Pythonidae,Python,CN,SG,ID,56,,skins,,E,W
2014,II,Python reticulatus,Reptilia,Serpentes,Pythonidae,Python,CN,US,XX,50,,live,,B,W
2014,II,Python reticulatus,Reptilia,Serpentes,Pythonidae,Python,IT,AE,ID,,28,leather products (small),,E,W
2014,II,Python reticulatus,Reptilia,Serpentes,Pythonidae,Python,PH,US,,10,,live,,B,C
2014,II,Python reticulatus,Reptilia,Serpentes,Pythonidae,Python,SG,CN,ID,,56,skins,,E,W
2014,II,Python reticulatus,Reptilia,Serpentes,Pythonidae,Python,US,ID,,1,,skulls,,E,I
2014,II,Python sebae,Reptilia,Serpentes,Pythonidae,Python,BH,AE,SN,,5,leather products (small),,E,W
2014,II,Python sebae,Reptilia,Serpentes,Pythonidae,Python,BH,AE,XX,,1,skins,,E,W
2014,II,Python sebae,Reptilia,Serpentes,Pythonidae,Python,BT,AE,SN,2,5,leather products (small),,E,W
2014,II,Python sebae,Reptilia,Serpentes,Pythonidae,Python,BT,AE,XX,4,1,leather products (small),,E,W
2014,II,Python sebae,Reptilia,Serpentes,Pythonidae,Python,ET,AE,SN,,5,leather products (small),,E,W
2014,II,Python sebae,Reptilia,Serpentes,Pythonidae,Python,ET,AE,XX,,1,skins,,E,W
2014,II,Python sebae,Reptilia,Serpentes,Pythonidae,Python,MR,AE,SN,,5,leather products (small),,E,W
2014,II,Python sebae,Reptilia,Serpentes,Pythonidae,Python,MR,AE,XX,,1,skins,,E,W
2014,II,Pteroglossus aracari,Aves,Piciformes,Ramphastidae,Pteroglossus,US,GY,,1,,live,,B,W
2014,II,Pteroglossus viridis,Aves,Piciformes,Ramphastidae,Pteroglossus,PH,GY,,1,,live,,B,W
2014,II,Pteroglossus viridis,Aves,Piciformes,Ramphastidae,Pteroglossus,RU,SR,,,30,live,,B,W
2014,II,Pteroglossus viridis,Aves,Piciformes,Ramphastidae,Pteroglossus,US,GY,,10,,live,,B,W
2014,II,Ramphastos sulfuratus,Aves,Piciformes,Ramphastidae,Ramphastos,ES,MX,,,10,live,,B,C
2014,II,Ramphastos toco,Aves,Piciformes,Ramphastidae,Ramphastos,CN,GY,,12,,live,,B,W
2014,II,Ramphastos toco,Aves,Piciformes,Ramphastidae,Ramphastos,LK,TH,,2,,live,,B,C
2014,II,Ramphastos toco,Aves,Piciformes,Ramphastidae,Ramphastos,PH,GY,,4,,live,,B,W
2014,II,Ramphastos toco,Aves,Piciformes,Ramphastidae,Ramphastos,US,GY,,8,,live,,B,W
2014,II,Ramphastos tucanus,Aves,Piciformes,Ramphastidae,Ramphastos,SG,SR,,,6,live,,B,W
2014,II,Ramphastos vitellinus,Aves,Piciformes,Ramphastidae,Ramphastos,CH,ES,VE,,8,feathers,,E,W
2014,II,Ramphastos vitellinus,Aves,Piciformes,Ramphastidae,Ramphastos,SG,SR,,,6,live,,B,W
2014,II,Rhea americana,Aves,Rheiformes,Rheidae,Rhea,LK,TH,,12,,live,,B,C
2014,II,Rhea americana,Aves,Rheiformes,Rheidae,Rhea,SC,FR,BE,,3,live,,B,C
2014,II,Ceratotherium simum,Mammalia,Perissodactyla,Rhinocerotidae,Ceratotherium,NA,ZA,,18,,live,,B,W
2014,II,Ceratotherium simum simum,Mammalia,Perissodactyla,Rhinocerotidae,Ceratotherium,CN,ZA,,,2,live,,B,W
2014,II,Ceratotherium simum simum,Mammalia,Perissodactyla,Rhinocerotidae,Ceratotherium,NA,ZA,,,17,live,,B,W
2014,II,Ceratotherium simum simum,Mammalia,Perissodactyla,Rhinocerotidae,Ceratotherium,US,ZA,,,6,live,,B,C
2014,II,Sagittarius serpentarius,Aves,Falconiformes,Sagittariidae,Sagittarius,CN,BE,GB,1,,specimens,,E,U
2014,II,Spheniscus demersus,Aves,Sphenisciformes,Spheniscidae,Spheniscus,GE,GB,,19,,live,,B,C
2014,II,Bubo africanus,Aves,Strigiformes,Strigidae,Bubo,CN,ZA,,1,1,trophies,,E,W
2014,II,Bubo bubo,Aves,Strigiformes,Strigidae,Bubo,MX,ES,,1,,live,,B,C
2014,II,Bubo bubo,Aves,Strigiformes,Strigidae,Bubo,TH,NL,,6,,live,,B,C
2014,II,Bubo virginianus,Aves,Strigiformes,Strigidae,Bubo,CA,US,,,1,live,,E,W
2014,II,Bubo virginianus,Aves,Strigiformes,Strigidae,Bubo,US,CA,US,1,1,live,,E,W
2014,II,Nyctea scandiaca,Aves,Strigiformes,Strigidae,Nyctea,MX,ES,,10,,live,,B,C
2014,II,Nyctea scandiaca,Aves,Strigiformes,Strigidae,Nyctea,TH,NL,,3,,live,,B,C
2014,II,Nyctea scandiaca,Aves,Strigiformes,Strigidae,Nyctea,US,CA,,2,2,live,,E,F
2014,II,Otus angelinae,Aves,Strigiformes,Strigidae,Otus,US,ID,,1,,skeletons,,E,I
2014,II,Ptilopsis granti,Aves,Strigiformes,Strigidae,Ptilopsis,CN,ZA,,1,1,trophies,,E,W
2014,II,Pulsatrix perspicillata,Aves,Strigiformes,Strigidae,Pulsatrix,GB,CA,,,1,live,,E,F
2014,II,Pulsatrix perspicillata,Aves,Strigiformes,Strigidae,Pulsatrix,US,CA,,,1,live,,E,C
2014,II,Strix nebulosa,Aves,Strigiformes,Strigidae,Strix,TH,NL,,3,,live,,B,C
2014,II,Strix varia,Aves,Strigiformes,Strigidae,Strix,CA,US,,,1,live,,E,W
2014,II,Strix varia,Aves,Strigiformes,Strigidae,Strix,US,CA,US,1,1,live,,E,W
2014,II,Strix woodfordii,Aves,Strigiformes,Strigidae,Strix,CN,ZA,,1,1,trophies,,E,W
2014,II,Tapirus terrestris,Mammalia,Perissodactyla,Tapiridae,Tapirus,TR,FR,,,1,live,,B,C
2014,II,Tarsius bancanus,Mammalia,Primates,Tarsiidae,Tarsius,US,ID,,1,,skeletons,,E,I
2014,II,Aldabrachelys gigantea,Reptilia,Testudines,Testudinidae,Aldabrachelys,PH,HK,SC,4,,live,,B,C
2014,II,Chelonoidis carbonaria,Reptilia,Testudines,Testudinidae,Chelonoidis,PH,GY,,40,,live,,B,W
2014,II,Chelonoidis carbonaria,Reptilia,Testudines,Testudinidae,Chelonoidis,PH,US,GY,22,,live,,B,W
2014,II,Chelonoidis carbonaria,Reptilia,Testudines,Testudinidae,Chelonoidis,PH,US,VE,100,,live,,B,C
2014,II,Chelonoidis chilensis,Reptilia,Testudines,Testudinidae,Chelonoidis,US,AR,,6,,live,,B,C
2014,II,Chelonoidis denticulata,Reptilia,Testudines,Testudinidae,Chelonoidis,PH,US,GY,30,,live,,B,W
2014,II,Geochelone sulcata,Reptilia,Testudines,Testudinidae,Geochelone,CD,ML,,,2,live,,B,F
2014,II,Geochelone sulcata,Reptilia,Testudines,Testudinidae,Geochelone,MA,FR,,,1,live,,B,F
2014,II,Geochelone sulcata,Reptilia,Testudines,Testudinidae,Geochelone,PH,HK,US,2,,live,,B,F
2014,II,Geochelone sulcata,Reptilia,Testudines,Testudinidae,Geochelone,PH,ML,,40,,live,,B,F
2014,II,Geochelone sulcata,Reptilia,Testudines,Testudinidae,Geochelone,TH,SD,,84,,live,,B,C
2014,II,Indotestudo forstenii,Reptilia,Testudines,Testudinidae,Indotestudo,PH,ID,,15,,live,,B,F
2014,II,Kinixys belliana,Reptilia,Testudines,Testudinidae,Kinixys,PH,ML,,10,,live,,B,W
2014,II,Kinixys homeana,Reptilia,Testudines,Testudinidae,Kinixys,PH,ML,,10,,live,,B,W
2014,II,Kinixys homeana,Reptilia,Testudines,Testudinidae,Kinixys,PH,US,TG,30,,live,,B,R
2014,II,Manouria emys,Reptilia,Testudines,Testudinidae,Manouria,PH,ID,,16,,live,,B,F
2014,II,Stigmochelys pardalis,Reptilia,Testudines,Testudinidae,Stigmochelys,SZ,ZA,,,75,live,,B,C
2014,II,Testudo graeca,Reptilia,Testudines,Testudinidae,Testudo,BH,AE,XX,,1,trophies,,E,W
2014,II,Testudo graeca,Reptilia,Testudines,Testudinidae,Testudo,BT,AE,XX,,1,trophies,,E,W
2014,II,Testudo graeca,Reptilia,Testudines,Testudinidae,Testudo,ET,AE,XX,,1,trophies,,E,W
2014,II,Testudo graeca,Reptilia,Testudines,Testudinidae,Testudo,MR,AE,XX,,1,trophies,,E,W
2014,II,Testudo graeca,Reptilia,Testudines,Testudinidae,Testudo,NL,HK,XX,35,,live,,B,I
2014,II,Eudocimus ruber,Aves,Ciconiiformes,Threskiornithidae,Eudocimus,AE,QA,,,12,live,,B,C
2014,II,Gonystylus spp.,,Myrtales,Thymelaeaceae,Gonystylus,CN,DE,XX,,30,carvings,,E,I
2014,II,Amyda cartilaginea,Reptilia,Testudines,Trionychidae,Amyda,KR,ID,,5,,live,,E,W
2014,II,Pelochelys bibroni,Reptilia,Testudines,Trionychidae,Pelochelys,KR,ID,,2,,live,,E,W
2014,II,Trochilidae spp.,Aves,Apodiformes,Trochilidae,,ES,MX,,,4,feathers,,E,W
2014,II,Tyto alba,Aves,Strigiformes,Tytonidae,Tyto,CN,ZA,,1,1,trophies,,E,W
2014,II,Tyto capensis,Aves,Strigiformes,Tytonidae,Tyto,CN,ZA,,1,2,trophies,,E,W
2014,II,Ursus americanus,Mammalia,Carnivora,Ursidae,Ursus,CN,US,CA,,1,trophies,,E,W
2014,II,Ursus americanus,Mammalia,Carnivora,Ursidae,Ursus,CN,XX,,1,,specimens,,E,W
2014,II,Ursus arctos,Mammalia,Carnivora,Ursidae,Ursus,FR,CA,,2,2,skins,,E,W
2014,II,Ursus arctos,Mammalia,Carnivora,Ursidae,Ursus,SE,US,,1,,skins,,E,W
2014,II,Ursus arctos,Mammalia,Carnivora,Ursidae,Ursus,SZ,US,,1,,skins,,E,W
2014,II,Ursus maritimus,Mammalia,Carnivora,Ursidae,Ursus,CN,CA,,3,,specimens,,E,W
2014,II,Ursus maritimus,Mammalia,Carnivora,Ursidae,Ursus,JP,GL,,,1,skins,,E,W
2014,II,Varanus cumingi,Reptilia,Sauria,Varanidae,Varanus,GB,PH,,,4,live,,B,C
2014,II,Varanus indicus,Reptilia,Sauria,Varanidae,Varanus,AU,PG,,,13,skins,,E,W
2014,II,Varanus indicus,Reptilia,Sauria,Varanidae,Varanus,US,PG,,,2,skins,,E,W
2014,II,Varanus marmoratus,Reptilia,Sauria,Varanidae,Varanus,GB,PH,,,4,live,,B,C
2014,II,Varanus niloticus,Reptilia,Sauria,Varanidae,Varanus,BH,AE,XX,,2,trophies,,E,W
2014,II,Varanus niloticus,Reptilia,Sauria,Varanidae,Varanus,BT,AE,XX,1,1,trophies,,E,W
2014,II,Varanus niloticus,Reptilia,Sauria,Varanidae,Varanus,ET,AE,XX,,1,trophies,,E,W
2014,II,Varanus niloticus,Reptilia,Sauria,Varanidae,Varanus,MR,AE,XX,,1,trophies,,E,W
2014,II,Varanus olivaceus,Reptilia,Sauria,Varanidae,Varanus,GB,PH,,,2,live,,B,C
2014,II,Varanus pilbarensis,Reptilia,Sauria,Varanidae,Varanus,FR,CH,DE,1,,live,,B,C
2014,II,Varanus salvator,Reptilia,Sauria,Varanidae,Varanus,CN,MY,,900,,live,,B,W
2014,II,Varanus salvator,Reptilia,Sauria,Varanidae,Varanus,CN,SG,ID,196,,skins,,E,W
2014,II,Varanus salvator,Reptilia,Sauria,Varanidae,Varanus,SG,CN,ID,,196,skins,,E,W
2014,II,Scleractinia spp.,Anthozoa,Scleractinia,,,SG,AU,,27,,live,,E,W
2014,III,Canis aureus,Mammalia,Carnivora,Canidae,Canis,DE,US,JO,,1,bodies,,E,W
2014,III,Sarcoramphus papa,Aves,Falconiformes,Cathartidae,Sarcoramphus,CN,BE,XX,1,,specimens,,E,U
2014,III,Corallium japonicum,Anthozoa,Gorgonacea,Coralliidae,Corallium,CN,JP,,1.8,,raw corals,kg,E,W
2014,III,Penelope purpurascens,Aves,Galliformes,Cracidae,Penelope,CN,BE,,1,,specimens,,E,C
2014,III,Proteles cristata,Mammalia,Carnivora,Hyaenidae,Proteles,CN,ZA,,1,2,trophies,,E,W
2014,III,Cedrela odorata,,Sapindales,Meliaceae,Cedrela,CH,DE,XX,,6,sawn wood,,E,I
2014,III,Cedrela odorata,,Sapindales,Meliaceae,Cedrela,CN,DE,XX,,30,sawn wood,,E,I
2014,III,Mellivora capensis,Mammalia,Carnivora,Mustelidae,Mellivora,CN,ZA,,1,,specimens,,E,W
2014,III,Mellivora capensis,Mammalia,Carnivora,Mustelidae,Mellivora,CN,ZA,,2,1,trophies,,E,W
2014,III,Meleagris ocellata,Aves,Galliformes,Phasianidae,Meleagris,CN,BE,DE,1,,specimens,,E,C
2014,III,Meleagris ocellata,Aves,Galliformes,Phasianidae,Meleagris,ZA,BE,,9,,live,,B,C
2014,III,Tragopan satyra,Aves,Galliformes,Phasianidae,Tragopan,ZA,BE,,6,,live,,B,C
2014,III,Sphyrna lewini,Elasmobranchii,Carchariniformes,Sphyrnidae,Sphyrna,ET,AE,XX,,3,fins,,E,W
2014,III,Arctictis binturong,Mammalia,Carnivora,Viverridae,Arctictis,US,PH,,,1,live,,B,C
2014,III,Arctictis binturong,Mammalia,Carnivora,Viverridae,Arctictis,US,SK,PH,2,2,live,,B,C
2014,N,Columba livia,Aves,Columbiformes,Columbidae,Columba,LK,AT,,190,,live,,B,C
2014,N,Columba livia,Aves,Columbiformes,Columbidae,Columba,LK,BE,,200,,live,,B,C
2014,N,Columba livia,Aves,Columbiformes,Columbidae,Columba,LK,BG,,370,,live,,B,C
2014,N,Columba livia,Aves,Columbiformes,Columbidae,Columba,LK,BH,,441,,live,,B,C
2014,N,Columba livia,Aves,Columbiformes,Columbidae,Columba,LK,IT,,240,,live,,B,C
2014,N,Columba livia,Aves,Columbiformes,Columbidae,Columba,LK,TH,,50,,live,,B,C
2015,I,Haliaeetus albicilla,Aves,Falconiformes,Accipitridae,Haliaeetus,NZ,IT,,,1,bodies,,E,C
2015,I,Addax nasomaculatus,Mammalia,Artiodactyla,Bovidae,Addax,MX,US,,5,,live,,B,F
2015,I,Addax nasomaculatus,Mammalia,Artiodactyla,Bovidae,Addax,PK,BH,,4,,live,,B,C
2015,I,Oryx dammah,Mammalia,Artiodactyla,Bovidae,Oryx,AE,GB,DE,,3,live,,B,C
2015,I,Oryx dammah,Mammalia,Artiodactyla,Bovidae,Oryx,AE,GB,DK,,2,live,,B,C
2015,I,Oryx dammah,Mammalia,Artiodactyla,Bovidae,Oryx,AE,GB,FR,,2,live,,B,C
2015,I,Oryx dammah,Mammalia,Artiodactyla,Bovidae,Oryx,AE,GB,PL,,1,live,,B,C
2015,I,Oryx dammah,Mammalia,Artiodactyla,Bovidae,Oryx,AE,GB,,,7,live,,B,C
2015,I,Oryx leucoryx,Mammalia,Artiodactyla,Bovidae,Oryx,CH,DE,,,1,live,,B,C
2015,I,Oryx leucoryx,Mammalia,Artiodactyla,Bovidae,Oryx,DE,CH,AE,1,,live,,B,C
2015,I,Oryx leucoryx,Mammalia,Artiodactyla,Bovidae,Oryx,GB,CA,US,8,,live,,B,F
2015,I,Oryx leucoryx,Mammalia,Artiodactyla,Bovidae,Oryx,MX,US,,30,,live,,B,F
2015,I,Buceros bicornis,Aves,Coraciiformes,Bucerotidae,Buceros,DE,SG,,2,,live,,B,C
2015,I,Probosciger aterrimus,Aves,Psittaciformes,Cacatuidae,Probosciger,DE,SG,,4,,live,,B,C
2015,I,Vicugna vicugna,Mammalia,Artiodactyla,Camelidae,Vicugna,DE,CH,,1,,live,,B,C
2015,I,Saguinus oedipus,Mammalia,Primates,Cebidae,Saguinus,TH,CZ,DE,,9,live,,B,C
2015,I,Saguinus oedipus,Mammalia,Primates,Cebidae,Saguinus,TH,CZ,,,1,live,,B,C
2015,I,Caloenas nicobarica,Aves,Columbiformes,Columbidae,Caloenas,AR,PT,,,4,live,,B,C
2015,I,Daubentonia madagascariensis,Mammalia,Primates,Daubentoniidae,Daubentonia,DE,US,,2,,live,,B,F
2015,I,Elephantidae spp.,Mammalia,Proboscidea,Elephantidae,,US,IE,XX,,1,derivatives,,E,U
2015,I,Elephas maximus,Mammalia,Proboscidea,Elephantidae,Elephas,CH,BE,MM,,1,live,,B,C
2015,I,Falco peregrinus,Aves,Falconiformes,Falconidae,Falco,AE,GB,,,2,live,,B,C
2015,I,Falco peregrinus,Aves,Falconiformes,Falconidae,Falco,GM,GB,,,1,live,,E,C
2015,I,Panthera pardus,Mammalia,Carnivora,Felidae,Panthera,US,GB,,,1,live,,B,C
2015,I,Panthera tigris,Mammalia,Carnivora,Felidae,Panthera,PK,ZA,,6,,live,,B,C
2015,I,Panthera tigris,Mammalia,Carnivora,Felidae,Panthera,US,MX,,,2,live,,E,C
2015,I,Panthera tigris altaica,Mammalia,Carnivora,Felidae,Panthera,ZA,NL,GB,,2,live,,E,C
2015,I,Panthera tigris altaica,Mammalia,Carnivora,Felidae,Panthera,ZA,NL,,,4,live,,E,C
2015,I,Uncia uncia,Mammalia,Carnivora,Felidae,Uncia,MD,AT,,,1,live,,B,C
2015,I,Uncia uncia,Mammalia,Carnivora,Felidae,Uncia,MX,RU,,2,,live,,B,F
2015,I,Uncia uncia,Mammalia,Carnivora,Felidae,Uncia,US,DE,,,1,live,,B,C
2015,I,Grus japonensis,Aves,Gruiformes,Gruidae,Grus,PK,NL,,2,,live,,B,C
2015,I,Grus vipio,Aves,Gruiformes,Gruidae,Grus,PK,NL,,2,,live,,B,C
2015,I,Brachylophus spp.,Reptilia,Sauria,Iguanidae,Brachylophus,HK,AT,,,2,live,,B,C
2015,I,Brachylophus spp.,Reptilia,Sauria,Iguanidae,Brachylophus,ID,AT,,,12,live,,B,C
2015,I,Brachylophus fasciatus,Reptilia,Sauria,Iguanidae,Brachylophus,HK,AT,,,2,live,,B,C
2015,I,Brachylophus fasciatus,Reptilia,Sauria,Iguanidae,Brachylophus,ID,AT,,,4,live,,B,C
2015,I,Cyclura cornuta,Reptilia,Sauria,Iguanidae,Cyclura,ID,AT,CZ,,21,live,,B,C
2015,I,Cyclura cychlura,Reptilia,Sauria,Iguanidae,Cyclura,HK,AT,,,4,live,,B,C
2015,I,Cyclura cychlura,Reptilia,Sauria,Iguanidae,Cyclura,ID,AT,,,2,live,,B,C
2015,I,Cyclura rileyi,Reptilia,Sauria,Iguanidae,Cyclura,CA,AT,,,4,live,,B,C
2015,I,Lutra lutra,Mammalia,Carnivora,Mustelidae,Lutra,CH,DE,,,1,bodies,,E,W
2015,I,Lutra lutra,Mammalia,Carnivora,Mustelidae,Lutra,KW,ES,NL,,1,live,,B,C
2015,I,Crossoptilon crossoptilon,Aves,Galliformes,Phasianidae,Crossoptilon,AR,PT,ES,,2,live,,B,C
2015,I,Polyplectron napoleonis,Aves,Galliformes,Phasianidae,Polyplectron,TH,DE,NL,,2,live,,B,C
2015,I,Polyplectron napoleonis,Aves,Galliformes,Phasianidae,Polyplectron,TH,DE,,,1,live,,B,C
2015,I,Syrmaticus ellioti,Aves,Galliformes,Phasianidae,Syrmaticus,AR,PT,,,6,live,,B,C
2015,I,Amazona auropalliata,Aves,Psittaciformes,Psittacidae,Amazona,KW,SK,CZ,,12,live,,B,C
2015,I,Amazona auropalliata,Aves,Psittaciformes,Psittacidae,Amazona,KW,SK,,,7,live,,B,C
2015,I,Amazona brasiliensis,Aves,Psittaciformes,Psittacidae,Amazona,CH,DK,CZ,,1,live,,B,C
2015,I,Amazona brasiliensis,Aves,Psittaciformes,Psittacidae,Amazona,CH,DK,PT,,2,live,,B,C
2015,I,Amazona brasiliensis,Aves,Psittaciformes,Psittacidae,Amazona,CH,DK,,,2,live,,B,C
2015,I,Amazona guildingii,Aves,Psittaciformes,Psittacidae,Amazona,DE,US,,1,,specimens,,B,F
2015,I,Amazona leucocephala,Aves,Psittaciformes,Psittacidae,Amazona,AR,PT,,,4,live,,B,C
2015,I,Amazona oratrix,Aves,Psittaciformes,Psittacidae,Amazona,KW,SK,CZ,,2,live,,B,C
2015,I,Amazona oratrix,Aves,Psittaciformes,Psittacidae,Amazona,KW,SK,,,2,live,,B,C
2015,I,Amazona oratrix,Aves,Psittaciformes,Psittacidae,Amazona,TH,NL,AT,,1,live,,B,C
2015,I,Amazona oratrix,Aves,Psittaciformes,Psittacidae,Amazona,TH,NL,BE,,1,live,,B,F
2015,I,Amazona oratrix,Aves,Psittaciformes,Psittacidae,Amazona,TH,NL,FR,,3,live,,B,C
2015,I,Amazona oratrix,Aves,Psittaciformes,Psittacidae,Amazona,TH,NL,GB,,2,live,,B,F
2015,I,Amazona oratrix,Aves,Psittaciformes,Psittacidae,Amazona,TH,NL,GB,,1,live,,B,U
2015,I,Anodorhynchus hyacinthinus,Aves,Psittaciformes,Psittacidae,Anodorhynchus,KW,SK,NL,,2,live,,B,C
2015,I,Anodorhynchus leari,Aves,Psittaciformes,Psittacidae,Anodorhynchus,BR,PT,BR,,2,live,,B,I
2015,I,Anodorhynchus leari,Aves,Psittaciformes,Psittacidae,Anodorhynchus,DE,BR,,3,,live,,B,W
2015,I,Anodorhynchus leari,Aves,Psittaciformes,Psittacidae,Anodorhynchus,DE,QA,,3,,live,,B,F
2015,I,Ara spp.,Aves,Psittaciformes,Psittacidae,Ara,MX,US,,1,,feathers,,E,U
2015,I,Ara ambiguus,Aves,Psittaciformes,Psittacidae,Ara,TH,NL,ES,,1,live,,B,C
2015,I,Ara ambiguus,Aves,Psittaciformes,Psittacidae,Ara,TH,NL,,,1,live,,B,C
2015,I,Ara ambiguus,Aves,Psittaciformes,Psittacidae,Ara,TH,NL,,,1,live,,B,F
2015,I,Ara macao,Aves,Psittaciformes,Psittacidae,Ara,KW,SK,CZ,,1,live,,B,C
2015,I,Ara macao,Aves,Psittaciformes,Psittacidae,Ara,KW,SK,SE,,2,live,,B,C
2015,I,Ara macao,Aves,Psittaciformes,Psittacidae,Ara,KW,SK,,,1,live,,B,C
2015,I,Ara macao,Aves,Psittaciformes,Psittacidae,Ara,TH,NL,CZ,,4,live,,B,C
2015,I,Ara macao,Aves,Psittaciformes,Psittacidae,Ara,TH,NL,DE,,9,live,,B,C
2015,I,Ara macao,Aves,Psittaciformes,Psittacidae,Ara,TH,NL,DK,,1,live,,B,C
2015,I,Ara militaris,Aves,Psittaciformes,Psittacidae,Ara,TH,NL,DE,,1,live,,B,C
2015,I,Ara militaris,Aves,Psittaciformes,Psittacidae,Ara,TH,NL,DK,,1,live,,B,C
2015,I,Cyanopsitta spixii,Aves,Psittaciformes,Psittacidae,Cyanopsitta,BR,DE,,,2,live,,B,C
2015,I,Cyanopsitta spixii,Aves,Psittaciformes,Psittacidae,Cyanopsitta,DE,BR,ES,1,,live,,B,C
2015,I,Cyanopsitta spixii,Aves,Psittaciformes,Psittacidae,Cyanopsitta,DE,QA,,3,,live,,B,C
2015,I,Cyanopsitta spixii,Aves,Psittaciformes,Psittacidae,Cyanopsitta,QA,DE,BR,,1,live,,B,W
2015,I,Cyanopsitta spixii,Aves,Psittaciformes,Psittacidae,Cyanopsitta,QA,DE,CH,,1,live,,B,C
2015,I,Cyanopsitta spixii,Aves,Psittaciformes,Psittacidae,Cyanopsitta,QA,DE,,,1,live,,B,C
2015,I,Struthio camelus,Aves,Struthioniformes,Struthionidae,Struthio,DE,MA,,24,,eggs (live),,B,W
2015,I,Leucopsar rothschildi,Aves,Passeriformes,Sturnidae,Leucopsar,DE,CH,,1,,live,,B,C
2015,I,Leucopsar rothschildi,Aves,Passeriformes,Sturnidae,Leucopsar,KW,SK,CZ,,6,live,,B,C
2015,I,Pyxis planicauda,Reptilia,Testudines,Testudinidae,Pyxis,DE,CH,,4,,live,,B,F
2015,II,Accipiter gentilis,Aves,Falconiformes,Accipitridae,Accipiter,BG,RU,,7,,live,,B,C
2015,II,Accipiter nisus,Aves,Falconiformes,Accipitridae,Accipiter,GM,GB,,,1,live,,E,C
2015,II,Aegypius monachus,Aves,Falconiformes,Accipitridae,Aegypius,CZ,KZ,,2,,live,,B,C
2015,II,Aquila chrysaetos,Aves,Falconiformes,Accipitridae,Aquila,FR,MX,,,3,live,,E,W
2015,II,Buteo jamaicensis,Aves,Falconiformes,Accipitridae,Buteo,FR,MX,,,1,live,,E,W
2015,II,Gypaetus barbatus,Aves,Falconiformes,Accipitridae,Gypaetus,AT,CH,,1,,live,,B,F
2015,II,Gyps fulvus,Aves,Falconiformes,Accipitridae,Gyps,HU,RS,,2,,live,,B,W
2015,II,Gyps himalayensis,Aves,Falconiformes,Accipitridae,Gyps,CZ,KZ,,1,,live,,B,C
2015,II,Haliaeetus leucocephalus,Aves,Falconiformes,Accipitridae,Haliaeetus,MX,US,,1,,feathers,,E,U
2015,II,Haliaeetus pelagicus,Aves,Falconiformes,Accipitridae,Haliaeetus,GB,KZ,,4,,live,,B,C
2015,II,Parabuteo unicinctus,Aves,Falconiformes,Accipitridae,Parabuteo,FR,MX,,,2,live,,E,W
2015,II,Acipenser baerii,Actinopterygii,Acipenseriformes,Acipenseridae,Acipenser,TW,IT,,,10,eggs (live),kg,B,C
2015,II,Acipenser gueldenstaedtii,Actinopterygii,Acipenseriformes,Acipenseridae,Acipenser,TM,IT,,,25000,eggs (live),,B,C
2015,II,Acropora spp.,Anthozoa,Scleractinia,Acroporidae,Acropora,NL,TO,,50,,live,,B,W
2015,II,Montipora spp.,Anthozoa,Scleractinia,Acroporidae,Montipora,NL,ID,,40,,live,,B,F
2015,II,Boa constrictor,Reptilia,Serpentes,Boidae,Boa,JO,GB,,,25,live,,B,C
2015,II,Epicrates cenchria,Reptilia,Serpentes,Boidae,Epicrates,JO,GB,,,4,live,,B,C
2015,II,Cacatua alba,Aves,Psittaciformes,Cacatuidae,Cacatua,AR,PT,,,4,live,,B,C
2015,II,Cacatua alba,Aves,Psittaciformes,Cacatuidae,Cacatua,DK,US,,2,,live,,B,F
2015,II,Eolophus roseicapilla,Aves,Psittaciformes,Cacatuidae,Eolophus,AR,PT,NL,,2,live,,B,C
2015,II,Canis lupus,Mammalia,Carnivora,Canidae,Canis,CN,FI,,,2,bodies,,E,C
2015,II,Canis lupus,Mammalia,Carnivora,Canidae,Canis,DK,CA,,1,,skulls,,E,W
2015,II,Canis lupus,Mammalia,Carnivora,Canidae,Canis,US,MX,,,9,live,,B,C
2015,II,Callithrix geoffroyi,Mammalia,Primates,Cebidae,Callithrix,RU,DE,,,1,live,,B,C
2015,II,Callithrix geoffroyi,Mammalia,Primates,Cebidae,Callithrix,TR,DE,,,1,live,,B,C
2015,II,Callithrix pygmaea,Mammalia,Primates,Cebidae,Callithrix,TH,CZ,,,20,live,,B,C
2015,II,Saguinus midas,Mammalia,Primates,Cebidae,Saguinus,TH,CZ,,,2,live,,B,C
2015,II,Chamaeleo calyptratus,Reptilia,Sauria,Chamaeleonidae,Chamaeleo,JP,DE,,,9,live,,B,C
2015,II,Globicephala melas,Mammalia,Cetacea,Delphinidae,Globicephala,DK,FO,,1,,skeletons,,E,W
2015,II,Tursiops truncatus,Mammalia,Cetacea,Delphinidae,Tursiops,TN,FR,,3,,specimens,,E,W
2015,II,Lonchura oryzivora,Aves,Passeriformes,Estrildidae,Lonchura,GA,ZA,XX,6,,live,,B,W
2015,II,Cryptoprocta ferox,Mammalia,Carnivora,Eupleridae,Cryptoprocta,DE,US,,1,,live,,B,F
2015,II,Falco cherrug,Aves,Falconiformes,Falconidae,Falco,AE,SK,,,1,live,,B,C
2015,II,Falco cherrug,Aves,Falconiformes,Falconidae,Falco,BG,RU,,12,,live,,B,C
2015,II,Felis manul,Mammalia,Carnivora,Felidae,Felis,DE,RU,,1,,live,,B,F
2015,II,Felis margarita,Mammalia,Carnivora,Felidae,Felis,US,EE,,,1,live,,B,C
2015,II,Lynx lynx,Mammalia,Carnivora,Felidae,Lynx,CH,DE,,,1,live,,B,C
2015,II,Lynx lynx,Mammalia,Carnivora,Felidae,Lynx,CN,FI,,,1,bodies,,E,C
2015,II,Panthera leo,Mammalia,Carnivora,Felidae,Panthera,SA,BG,,,2,live,,E,C
2015,II,Panthera leo,Mammalia,Carnivora,Felidae,Panthera,ZA,NL,IT,,1,live,,E,F
2015,II,Panthera leo,Mammalia,Carnivora,Felidae,Panthera,ZA,NL,XX,,1,live,,E,I
2015,II,Panthera leo,Mammalia,Carnivora,Felidae,Panthera,ZA,NL,,,1,live,,E,F
2015,II,Puma concolor,Mammalia,Carnivora,Felidae,Puma,US,MX,,,1,live,,E,C
2015,II,Phelsuma guimbeaui,Reptilia,Sauria,Gekkonidae,Phelsuma,JE,DE,,,5,live,,B,C
2015,II,Cuora mccordi,Reptilia,Testudines,Geoemydidae,Cuora,CN,DE,,,1,live,,B,C
2015,II,Chalcopsitta sintillata,Aves,Psittaciformes,Loriidae,Chalcopsitta,AR,PT,FR,,4,live,,B,C
2015,II,Lorius chlorocercus,Aves,Psittaciformes,Loriidae,Lorius,AR,PT,,,3,live,,B,C
2015,II,Lorius garrulus,Aves,Psittaciformes,Loriidae,Lorius,AR,PT,,,6,live,,B,C
2015,II,Trichoglossus haematodus,Aves,Psittaciformes,Loriidae,Trichoglossus,AR,PT,NL,,8,live,,B,C
2015,II,Trichoglossus haematodus,Aves,Psittaciformes,Loriidae,Trichoglossus,AR,PT,,,4,live,,B,C
2015,II,Leiothrix lutea,Aves,Passeriformes,Muscicapidae,Leiothrix,GA,ZA,XX,4,,live,,B,W
2015,II,Tauraco leucotis,Aves,Cuculiformes,Musophagidae,Tauraco,AR,PT,,,4,live,,B,C
2015,II,Tauraco livingstonii,Aves,Cuculiformes,Musophagidae,Tauraco,AR,PT,,,4,live,,B,C
2015,II,Tauraco persa,Aves,Cuculiformes,Musophagidae,Tauraco,AR,PT,,,3,live,,B,C
2015,II,Acanthastrea spp.,Anthozoa,Scleractinia,Mussidae,Acanthastrea,NL,ID,,3,,live,,B,F
2015,II,Blastomussa wellsi,Anthozoa,Scleractinia,Mussidae,Blastomussa,NL,AU,,50,,live,,G,W
2015,II,Orchidaceae spp.,,Orchidales,Orchidaceae,,GB,KH,,213,,live,,G,W
2015,II,Orchidaceae spp.,,Orchidales,Orchidaceae,,GB,KH,,6,,specimens,,G,W
2015,II,Polyplectron bicalcaratum,Aves,Galliformes,Phasianidae,Polyplectron,AR,PT,,,6,live,,B,C
2015,II,Phocoena phocoena,Mammalia,Cetacea,Phocoenidae,Phocoena,TN,FR,,1,,specimens,,E,W
2015,II,Alveopora spp.,Anthozoa,Scleractinia,Poritidae,Alveopora,NL,ID,,30,,live,,E,F
2015,II,Amazona autumnalis,Aves,Psittaciformes,Psittacidae,Amazona,DE,US,,2,,live,,B,F
2015,II,Aratinga canicularis,Aves,Psittaciformes,Psittacidae,Aratinga,DE,US,,2,,live,,B,F
2015,II,Eclectus roratus,Aves,Psittaciformes,Psittacidae,Eclectus,AR,PT,,,6,live,,B,C
2015,II,Eclectus roratus,Aves,Psittaciformes,Psittacidae,Eclectus,DK,ID,,6,,live,,B,C
2015,II,Poicephalus robustus,Aves,Psittaciformes,Psittacidae,Poicephalus,DE,ZA,,2,,live,,B,C
2015,II,Primolius auricollis,Aves,Psittaciformes,Psittacidae,Primolius,NO,DK,,,1,live,,B,C
2015,II,Prioniturus platurus,Aves,Psittaciformes,Psittacidae,Prioniturus,DK,ID,IN,3,,live,,B,C
2015,II,Prioniturus platurus,Aves,Psittaciformes,Psittacidae,Prioniturus,DK,ID,,6,,live,,B,C
2015,II,Psittacula eupatria,Aves,Psittaciformes,Psittacidae,Psittacula,GB,ZA,,1,,live,,B,C
2015,II,Psittacus erithacus,Aves,Psittaciformes,Psittacidae,Psittacus,AR,PT,ES,,12,live,,B,C
2015,II,Morelia spilota,Reptilia,Serpentes,Pythonidae,Morelia,JO,GB,,,5,live,,B,C
2015,II,Python bivittatus,Reptilia,Serpentes,Pythonidae,Python,JO,GB,,,22,live,,B,C
2015,II,Python regius,Reptilia,Serpentes,Pythonidae,Python,JO,GB,,,12,live,,B,C
2015,II,Python reticulatus,Reptilia,Serpentes,Pythonidae,Python,JO,GB,,,11,live,,B,C
2015,II,Ramphastos toco,Aves,Piciformes,Ramphastidae,Ramphastos,MX,AR,,6,,live,,B,C
2015,II,Bubo bubo,Aves,Strigiformes,Strigidae,Bubo,US,BE,MN,,2,unspecified,,E,W
2015,II,Nyctea scandiaca,Aves,Strigiformes,Strigidae,Nyctea,AR,PT,DE,,1,live,,B,C
2015,II,Nyctea scandiaca,Aves,Strigiformes,Strigidae,Nyctea,AR,PT,NL,,3,live,,B,C
2015,II,Strix uralensis,Aves,Strigiformes,Strigidae,Strix,CH,AT,DE,,1,live,,B,C
2015,II,Strix uralensis,Aves,Strigiformes,Strigidae,Strix,CH,AT,,,1,live,,B,C
2015,II,Gracula religiosa,Aves,Passeriformes,Sturnidae,Gracula,AR,PT,,,5,live,,B,C
2015,II,Tapirus terrestris,Mammalia,Perissodactyla,Tapiridae,Tapirus,DE,CH,,1,,live,,B,C
2015,II,Tapirus terrestris,Mammalia,Perissodactyla,Tapiridae,Tapirus,TR,DE,,,1,live,,B,C
2015,II,Tupinambis merianae,Reptilia,Sauria,Teiidae,Tupinambis,JO,GB,,,5,live,,B,C
2015,II,Homopus areolatus,Reptilia,Testudines,Testudinidae,Homopus,CH,DE,NA,,2,live,,B,C
2015,II,Homopus signatus,Reptilia,Testudines,Testudinidae,Homopus,NL,ZA,,10,,live,,B,W
2015,II,Testudo hermanni,Reptilia,Testudines,Testudinidae,Testudo,CH,SK,CZ,,1,live,,B,C
2015,II,Eudocimus ruber,Aves,Ciconiiformes,Threskiornithidae,Eudocimus,AR,PT,ES,,4,live,,B,C
2015,II,Ursus arctos,Mammalia,Carnivora,Ursidae,Ursus,GR,MK,,1,,live,,E,W
2015,II,Ursus arctos,Mammalia,Carnivora,Ursidae,Ursus,US,ES,,,2,live,,E,I
2015,III,Pavo cristatus,Aves,Galliformes,Phasianidae,Pavo,AR,PT,,,28,live,,B,C
2015,III,Arctictis binturong,Mammalia,Carnivora,Viverridae,Arctictis,US,SK,PH,,1,live,,B,C
